,CHEMBARAMBAKKAM,py_snaive,py_hw,prophet,Auto_Arima_no_rain_d1,Arima_with_rain_d_1_sniave,Arima_with_rain_d_1_hw,Arima_with_rain_d_1_AR,Arima_with_rain_d_1_Prophet,Arima_with_rain_d_0_sniave,Arima_with_rain_d_0_hw,Arima_with_rain_d_0AR,Arima_with_rain_d_0_Prophet,ensemble
2019-01-01,,1842.0,67.29034225440691,877.723327572858,109.09656983038417,104.07701493075263,111.42548636944912,131.62601901140772,104.07701493075263,146.5692145760864,154.37168537883483,175.8202366120698,146.5692145760864,226.3386942852303
2019-01-02,,1837.0,50.63857045457221,881.8043096159334,111.51109923594231,105.99803764006828,112.83401528285657,134.16239737735958,105.99803764006828,178.15776494211704,185.43001970381917,208.0454218851023,178.15776494211704,239.74288321039984
2019-01-03,,1832.0,130.8022602041809,889.117162160737,113.82481011179681,107.81474568258483,113.96750216000697,136.76955930087223,107.81474568258483,213.05833888495187,219.62923510446842,243.75719361007629,213.05833888495187,254.7423183769368
2019-01-04,,1827.0,38.24561332964331,887.13549547926,115.51810639719554,109.12049469194136,114.60407880672852,138.77837989108224,109.12049469194136,246.75961121088963,252.63840718941915,278.18591519321467,246.75961121088963,267.8425611074664
2019-01-05,,1822.0,87.07940846296523,890.3167988486858,117.15220243673906,110.46486656895337,115.27490877596853,141.00783197650918,110.46486656895337,280.29627624038466,285.4838687664527,312.63216802107274,280.29627624038466,281.5786152043457
2019-01-06,,1820.0,0.0,886.784585041465,118.43529330968795,111.78709419101256,115.95493938028369,143.0795303275463,111.78709419101256,313.4103790032932,317.9297823491246,346.5244560232228,313.4103790032932,294.2382574532045
2019-01-07,,1818.0,24.657075587820465,883.9361040902058,119.45234841057112,113.16339924168221,116.72497981433207,144.88408401493461,113.16339924168221,346.14568148586613,350.03139168689677,379.71270428021035,346.14568148586613,306.7563366280874
2019-01-08,,1816.0,34.03851352206525,882.6602494795137,120.16744924609901,114.54404003891085,117.557674710816,146.6438394748066,114.54404003891085,378.4759716886256,381.7788997498203,412.4537326430682,378.4759716886256,319.28523212895755
2019-01-09,,1814.0,36.23031026313593,880.3503886581864,120.60657400625286,115.89957558294469,118.3722946583444,148.26282865604986,115.89957558294469,410.39173395065023,413.11552355671444,444.6662747802771,410.39173395065023,331.45814923117746
2019-01-10,,1810.0,36.05607022921081,881.2758975284048,120.76277357268765,117.17990757463048,119.15337244267374,149.46123367055856,117.17990757463048,441.87995764129005,444.05826927948146,476.1065680372534,441.87995764129005,343.7347474683726
2019-01-11,,1804.0,34.11254803617576,872.9902846843323,120.64253237349368,118.34379240067335,119.92118312990692,150.3683110184602,118.34379240067335,472.9288588624281,474.6639491209937,506.9301679240864,472.9288588624281,354.59863493929686
2019-01-12,,1799.0,32.02897838621639,870.0280007373586,120.2471174793119,119.35261193833037,120.57526545016549,151.0317774015491,119.35261193833037,503.5267935333859,504.86097046763314,537.2077009080449,503.5267935333859,365.85377973947243
2019-01-13,,1793.0,29.176107546036384,860.5852484741088,119.58073953721191,120.17569864315703,121.06998794984395,151.23044053030048,120.17569864315703,533.662524207136,534.6279115430169,566.7281360466244,533.662524207136,375.95758586642495
2019-01-14,,1787.0,25.40920222876148,852.1264718064151,118.64656010189645,120.78862499472723,121.39866766433022,151.06185573053142,120.78862499472723,563.3251707910714,563.979153493465,595.5938926360311,563.3251707910714,385.8650496523085
2019-01-15,,1781.0,23.029399285218553,845.6011675035215,117.44846470834375,121.17332336701253,121.54337935990606,150.62625481246704,121.17332336701253,592.504234457532,592.891705994673,623.9288656781603,592.504234457532,395.71467448520207
2019-01-16,,1775.0,111.59188591035817,838.45576972616,115.99029945500081,121.31688737445211,121.49481923721032,149.7343482162155,121.31688737445211,621.1896039736464,621.3695577830833,651.5309078187776,621.1896039736464,405.13527419806826
2019-01-17,,1769.0,0.0,835.0044021355397,114.27621349363102,121.21076162572359,121.21076162572359,148.4754654264105,121.21076162572359,649.3715655996232,649.3715655996232,678.4840399075532,649.3715655996232,414.67559692672853
2019-01-18,,1764.0,0.0,822.8363952088722,112.3104926816277,120.84980324625906,120.84980324625906,146.78382795412438,120.84980324625906,677.0408116125936,677.0408116125936,704.7434454984945,677.0408116125936,422.80692388260303
2019-01-19,,1759.0,8.1979941332987,816.5126725122029,110.09762450862792,120.2315386644716,120.2315386644716,144.74868140632145,120.2315386644716,704.1884485967689,704.1884485967689,730.387584717369,704.1884485967689,431.3233172083753
2019-01-20,,1753.0,10.97627602140583,804.2463265191831,107.64226078459109,119.3555187822501,119.3555187822501,142.39943488586755,119.3555187822501,730.806005222992,730.806005222992,755.4341533730097,730.806005222992,438.755652946642
2019-01-21,,1748.0,11.221444237218385,793.5090631410727,104.94922587998548,118.22281725248206,118.22281725248206,139.7810227542924,118.22281725248206,756.8854395719333,756.8854395719333,779.935682323824,756.8854395719333,446.04893846850064
2019-01-22,,1743.0,9.321224411522827,785.2481565303315,102.02350398256988,116.83563704572214,116.83563704572214,136.92054791958424,116.83563704572214,782.4191459786457,782.4191459786457,803.9055813944713,782.4191459786457,453.3259194844616
2019-01-23,,1738.0,7.416642917094669,776.8986581830826,98.87023553382437,115.19701571026678,115.19701571026678,133.81260904362352,115.19701571026678,807.3999613947103,807.3999613947103,827.3198507368012,807.3999613947103,460.26191346341074
2019-01-24,,1733.0,5.36428251777179,772.7546456828254,95.49470935644462,113.31060692898023,113.31060692898023,130.47463173719296,113.31060692898023,831.8211712605869,831.8211712605869,850.1974292793413,831.8211712605869,467.3981215543673
2019-01-25,,1728.0,2.796913462776593,760.3773960461399,91.9023565176584,111.1805228576344,111.1805228576344,126.9252381259995,111.1805228576344,855.6765148823173,855.6765148823173,872.5459944677049,855.6765148823173,473.1831325796758
2019-01-26,,1723.0,0.8078439567555966,754.2925717649359,88.09874321343352,108.81122195027166,108.81122195027166,123.15665992763337,108.81122195027166,878.9601903070874,878.9601903070874,894.338225389389,878.9601903070874,479.42862810126377
2019-01-27,,1718.0,0.0,742.6717218028243,84.08956390753906,106.20743060281006,106.20743060281006,119.17761654550986,106.20743060281006,901.6668586927851,901.6668586927851,915.5809455018157,901.6668586927851,484.6585532936099
2019-01-28,,1713.0,0.0,732.9397560695206,79.88063418482517,103.3740890697826,103.3740890697826,115.00592988449432,103.3740890697826,923.7916481672638,923.7916481672638,936.2844005431724,923.7916481672638,489.80527439451316
2019-01-29,,1708.0,0.0,725.9930123911572,75.47788357383894,100.31631449106442,100.3459320034674,110.63715793119286,100.31631449106442,945.3301571736237,945.3607988717229,956.4259577431469,945.3301571736237,494.9859017724018
2019-01-30,,1703.0,0.0,719.2126360009477,70.88734823636304,97.03937562750428,97.0788596398001,106.07573092909803,97.03937562750428,966.2784572984115,966.3189894872651,976.0057809239358,966.2784572984115,499.86214726791576
2019-01-31,,1698.0,0.0,716.8370319151853,66.11516358247775,93.54867540033405,93.58734751872504,101.33880461424059,93.54867540033405,986.6330955802422,986.6730927229104,995.0361911007058,986.6330955802422,504.97117530435264
2019-02-01,,1693.0,0.0,706.3712496974896,61.16755679759876,89.84973844965322,89.88866308828614,96.46397395301864,89.84973844965322,1006.391096296954,1006.4310416133455,1013.5403025756648,1006.391096296954,508.7629528090014
2019-02-02,,1688.0,0.0,702.2853632840087,56.05083930046226,85.94820178639532,85.9853149735012,91.4650055879763,85.94820178639532,1025.5499622300022,1025.588577529331,1031.5259747195726,1025.5499622300022,513.0499049264062
2019-02-03,,1683.0,0.0,692.6971232533137,50.77139913652513,81.84980723682224,81.88484385569564,86.3752726597736,81.84980723682224,1044.1076754054125,1044.1442971454717,1049.0246795193991,1044.1076754054125,516.3568872765518
2019-02-04,,1676.0,0.0,684.9805162504524,45.335693317861,77.56039482936069,77.59206115320887,81.24558579812094,77.56039482936069,1062.0626973112173,1062.0963768550334,1066.075299970367,1062.0626973112173,519.6185781857027
2019-02-05,,1669.0,5.902562451018958,679.9848283169822,39.75024011774656,73.08589658819079,73.1171566239538,76.03217957131602,73.08589658819079,1079.4139685919067,1079.4474375636578,1082.6261493987374,1079.4139685919067,522.9322320965614
2019-02-06,,1662.0,0.0,675.0489118989374,34.0216113294959,68.43233041331894,68.46118279708759,70.72637957817079,68.43233041331894,1096.1609082210252,1096.1924319206446,1098.667090911214,1096.1609082210252,525.9638558837369
2019-02-07,,1656.0,0.0,674.3743990838259,28.156424498537774,63.605793869658555,63.837039490525854,65.37252257890736,63.605793869658555,1112.3034121536602,1112.544587498834,1114.2338045326792,1112.3034121536602,529.3034979633286
2019-02-08,,1650.0,0.0,665.4357055749691,22.161335137019023,68.7565915482179,60.36254697555654,59.94132363725032,58.61245779946381,1138.3367735051952,1129.6521876334775,1129.2901142096366,1127.84185146116,531.6621903035666
2019-02-09,,1645.0,0.0,662.6788762236215,16.04302893010754,66.9820149138277,55.6850597577419,54.41154757394935,53.4585597290245,1156.6595304111625,1145.0666082410253,1143.8138051880762,1142.7770699510238,534.2418194493213
2019-02-10,,1639.0,0.0,654.2045410538927,9.808213943219982,61.39577487459513,50.33632568169094,48.817504660903694,48.15039707346568,1170.8095859647458,1159.370011178601,1157.8330999351735,1157.1103812754957,535.7038093503054
2019-02-11,,1632.0,0.0,647.3766116356105,3.4636128393641457,56.02618730241471,44.87732587583787,43.14751846258969,42.69432016103451,1184.5250194849282,1173.088703992264,1171.32944250311,1170.843565532994,537.1026376253506
2019-02-12,,1625.0,0.0,643.0413134115623,0.0,49.80816179682131,39.1735607034455,37.371147503955626,37.096725106155475,1197.2047823789735,1186.1413738688238,1184.2709889701248,1183.978865367082,538.8842468663937
2019-02-13,,1618.0,0.0,638.5412563537365,0.0,43.36424911585152,33.31456087526243,31.51276141810473,31.364046562676606,1209.0620953929729,1198.5614766764359,1196.6763914175892,1196.5189815682772,540.8111843590103
2019-02-14,,1611.0,0.0,638.0882928016035,0.0,36.34861144711073,27.274914952806853,25.579534070799582,25.502750387688707,1220.0024663105048,1210.3534585372518,1208.5465318246756,1208.4670681845546,542.9765688449226
2019-02-15,,1604.0,0.0,629.1730168703059,0.0,30.226031771746136,21.83828463370162,19.54367053480763,19.519326243702153,1231.2900033754934,1222.2929406955625,1219.8513480769013,1219.8267271469872,544.0056642752461
2019-02-16,,1597.0,0.0,626.2629694951179,0.0,23.302353848382438,16.52502137014477,13.42028016380715,13.42028016380715,1241.3990140248213,1233.9034934120073,1230.602002417501,1230.602002417501,545.5920061799857
2019-02-17,,1590.0,0.0,617.4848343790397,0.0,15.05188842247378,10.242056803276853,7.2121271012896955,7.2121271012896955,1249.5703519757444,1244.0323386191951,1240.7973736662916,1240.7973736662916,545.9722789170843
2019-02-18,,1583.0,0.0,610.2322737576353,0.0,7.922935367787829,3.836318284914057,0.9013834823183515,0.9013834823183515,1258.3532960555685,1253.555331268879,1250.417749486978,1250.417749486978,546.2827736562526
2019-02-19,,1576.0,0.0,605.3840209546656,0.0,0.9940929271992331,0.0,0.0,0.0,1266.7681602536895,1262.5620724077958,1259.4684601581046,1259.4684601581046,548.3603767098339
2019-02-20,,1570.0,0.0,600.3169552966967,0.0,0.0,0.0,0.0,0.0,1274.1190909222955,1272.2511131376045,1267.9552499601257,1267.9552499601257,551.059821044319
2019-02-21,,1563.0,0.0,599.2779327383383,0.0,0.0,0.0,0.0,0.0,1281.1595034651168,1282.3547132652664,1275.8842690575102,1275.8842690575102,554.1751480148282
2019-02-22,,1556.0,0.0,589.7922518243797,0.0,0.0,0.0,0.0,0.0,1287.3696026509497,1292.1254815829004,1283.2620649561072,1283.2620649561072,556.0552329149368
2019-02-23,,1549.0,0.0,586.3608444517972,0.0,0.0,0.0,0.0,0.0,1293.6575201028256,1299.5103028553322,1290.0955735463983,1290.0955735463983,558.2577867999908
2019-02-24,,1542.0,0.0,577.1415016578045,0.0,0.0,0.0,0.0,0.0,1296.3921097437344,1305.2033378584238,1296.3921097437344,1296.3921097437344,559.3911323754621
2019-02-25,,1535.0,0.0,569.5558072789491,0.0,0.0,0.0,0.0,0.0,1302.1593577371134,1310.776662788884,1302.1593577371134,1302.1593577371134,560.5813981927574
2019-02-26,,1528.0,0.0,564.5064187836008,0.0,0.0,0.0,0.0,0.0,1307.4053608585068,1315.7748615634032,1307.4053608585068,1307.4053608585068,561.8865002580021
2019-02-27,,1521.0,0.0,559.3894410331594,0.0,0.0,0.0,0.0,0.0,1312.1385110851688,1320.2673664998028,1312.1385110851688,1312.1385110851688,562.9917287129125
2019-02-28,,1514.0,0.0,558.4656838681137,0.0,0.0,0.0,0.0,0.0,1316.3675381877788,1324.3233042431132,1316.3675381877788,1316.3675381877788,564.4405080608481
2019-03-01,,1507.0,0.0,549.2686976126677,0.0,0.0,0.0,0.0,0.0,1320.1014985376792,1327.8098934436205,1320.1014985376792,1320.1014985376792,564.6601985164558
2019-03-02,,1500.0,0.0,546.3016869752455,0.0,0.0,0.0,0.0,0.0,1323.3497635868382,1330.583031887982,1323.3497635868382,1323.3497635868382,565.448030754613
2019-03-03,,1492.0,0.0,537.7186208457372,0.0,0.0,0.0,0.0,0.0,1326.1220080345558,1332.728523007255,1326.1220080345558,1326.1220080345558,565.336394990263
2019-03-04,,1484.0,0.0,530.9312141605639,0.0,0.0,0.0,0.0,0.0,1328.4281976952698,1334.5796780584355,1328.4281976952698,1328.4281976952698,565.2959109511924
2019-03-05,,1475.0,0.0,526.8264204080439,0.0,0.0,0.0,0.0,0.0,1330.2785770821633,1336.2184641384513,1330.2785770821633,1330.2785770821633,565.4502548388527
2019-03-06,,1467.0,0.0,522.7791757263498,0.0,0.0,0.0,0.0,0.0,1331.6836567215873,1337.3158404650155,1331.6836567215873,1331.6836567215873,565.4327912043175
2019-03-07,,1459.0,0.0,523.0241767051666,0.0,0.0,0.0,0.0,0.0,1332.6542002136134,1338.0532636754642,1332.6542002136134,1332.6542002136134,565.7982301009822
2019-03-08,,1451.0,0.0,515.064573394283,0.0,0.0,0.0,0.0,0.0,1333.2012110543187,1338.0480214375034,1333.2012110543187,1333.2012110543187,564.939377117553
2019-03-09,,1443.0,0.0,513.3696618914572,0.0,0.0,0.0,0.0,0.0,1333.335919235661,1337.7103458539814,1333.335919235661,1333.335919235661,564.7189807770951
2019-03-10,,1435.0,0.0,506.05687474990714,0.0,0.0,0.0,0.0,0.0,1333.0697676390496,1337.504140326645,1333.0697676390496,1333.0697676390496,563.7125687943314
2019-03-11,,1427.0,0.0,500.49972342245775,0.0,0.0,0.0,0.0,0.0,1332.4143982389476,1337.2631592301914,1332.4143982389476,1332.4143982389476,562.823959891318
2019-03-12,,1418.0,0.0,497.5463071848526,0.0,0.0,0.0,0.0,0.0,1331.3816381330369,1336.6530820122925,1331.3816381330369,1331.3816381330369,562.1203331829024
2019-03-13,,1409.0,0.0,494.5331037731246,0.0,0.0,0.0,0.0,0.0,1329.9834854156757,1335.9036215187873,1329.9834854156757,1329.9834854156757,561.3004620154079
2019-03-14,,1399.0,0.0,495.6577971694717,0.0,0.0,0.0,0.0,0.0,1328.2320949115324,1334.5330158042702,1328.2320949115324,1328.2320949115324,560.8318753496008
2019-03-15,,1389.0,0.0,488.38899706627205,0.0,0.0,0.0,0.0,0.0,1326.1397637864397,1332.7053432563287,1326.1397637864397,1326.1397637864397,559.171733486935
2019-03-16,,1379.0,0.0,487.1649077855668,0.0,0.0,0.0,0.0,0.0,1323.7189170526228,1330.5160524416094,1323.7189170526228,1323.7189170526228,558.1398492915528
2019-03-17,,1369.0,0.0,480.07621935190446,0.0,0.0,0.0,0.0,0.0,1320.9820929855796,1328.024969614398,1320.9820929855796,1320.9820929855796,556.2581718671827
2019-03-18,,1359.0,0.0,474.474851099567,0.0,0.0,0.0,0.0,0.0,1319.556531861348,1325.4149094541358,1317.941928469958,1317.941928469958,554.4717021867023
2019-03-19,,1348.0,0.0,471.19314074577846,0.0,0.0,0.0,0.0,0.0,1316.7469074395704,1322.8280235316438,1314.6111442918568,1314.6111442918568,552.905431607642
2019-03-20,,1338.0,0.0,467.558175545774,0.0,0.0,0.0,0.0,0.0,1313.110100347198,1320.6390517168422,1311.0025303950056,1311.0025303950056,551.2752860065784
2019-03-21,,1328.0,0.0,467.7650057319954,0.0,0.0,0.0,0.0,0.0,1309.2337701878441,1317.4830828653653,1307.1289311183157,1307.1289311183157,549.938243854249
2019-03-22,,1317.0,0.0,459.2865833458505,0.0,0.0,0.0,0.0,0.0,1305.037986895653,1313.607938190576,1303.0032304322851,1303.0032304322851,547.3626228001245
2019-03-23,,1306.0,0.0,456.57247694532515,0.0,0.0,0.0,0.0,0.0,1300.5680470109196,1309.465346036906,1298.6383371917354,1298.6383371917354,545.4143121707127
2019-03-24,,1296.0,0.0,447.7316319515406,0.0,0.0,0.0,0.0,0.0,1295.8218470570657,1305.0035810379532,1294.0471704223041,1294.0471704223041,542.6036942292628
2019-03-25,,1285.0,0.0,440.1408085448069,0.0,0.0,0.0,0.0,0.0,1291.006225616302,1300.278018558443,1289.2426446580703,1289.2426446580703,539.8630145524238
2019-03-26,,1274.0,0.0,434.6632960446227,0.0,0.0,0.0,0.0,0.0,1285.898734056424,1295.2053333228503,1284.2376553476054,1284.2376553476054,537.2929925078355
2019-03-27,,1262.0,0.0,428.6626107433875,0.0,0.0,0.0,0.0,0.0,1280.394753316325,1290.0989692924277,1279.0450643456402,1279.0450643456402,534.606463590887
2019-03-28,,1251.0,0.0,426.37493188216854,0.0,0.0,0.0,0.0,0.0,1274.8985388256624,1284.6797959840328,1273.6908370529209,1273.6776855074177,532.3029063033175
2019-03-29,,1239.0,0.0,415.31813715327706,0.0,0.0,0.0,0.0,0.0,1269.2713011866022,1278.954477957819,1268.2318944845222,1268.148270402666,528.8315974997855
2019-03-30,,1228.0,0.0,409.989509849049,0.0,0.0,0.0,0.0,0.0,1263.4177773909066,1273.2463501433167,1262.6944105190698,1262.4694941659573,526.0499705846742
2019-03-31,,1220.0,0.0,398.5474118846284,0.0,0.0,0.0,0.0,0.0,1257.4655160242896,1267.3908065528374,1257.0928861532961,1256.6539415000425,522.4606307613506
2019-04-01,,1215.0,0.0,388.4185812982223,0.0,0.0,0.0,0.0,0.0,1251.346021724678,1261.4004377727042,1251.4389656620328,1250.7140928485485,518.9965096976885
2019-04-02,,1206.0,0.0,380.51568141273356,0.0,0.0,0.0,0.0,0.0,1245.210302532123,1256.812692615271,1245.7421382368932,1244.6623107542111,515.9666028773886
2019-04-03,,1196.0,0.0,372.24983772504925,0.0,0.0,0.0,0.0,0.0,1238.5108264185642,1254.3818832407942,1240.0127731042057,1238.5108264185642,513.1444150610766
2019-04-04,,1186.0,0.0,367.9019464080068,0.0,0.0,0.0,0.0,0.0,1232.2717264787648,1249.8550428708127,1234.258936319386,1232.2717264787648,510.53595650962126
2019-04-05,,1176.0,0.0,355.03064435973255,0.0,0.0,0.0,0.0,0.0,1225.9569400169466,1244.2671990258887,1228.4905317883658,1225.9569400169466,506.71816439886675
2019-04-06,,1166.0,0.0,348.16904007877025,0.0,0.0,0.0,0.0,0.0,1219.5782258172037,1238.7326236818094,1222.715437893485,1219.5782258172037,503.6494159339086
2019-04-07,,1155.0,0.0,335.50552465234443,0.0,0.0,0.0,0.0,0.0,1213.1471598849905,1232.963613166592,1216.9365992399712,1213.1471598849905,499.8191121179873
2019-04-08,,1144.0,0.0,324.4903437571313,0.0,0.0,0.0,0.0,0.0,1206.675123243404,1227.0029781560797,1211.1599985977134,1206.675123243404,496.16605546929105
2019-04-09,,1133.0,0.0,316.0525767948194,0.0,0.0,0.0,0.0,0.0,1200.173290020454,1221.2570680347508,1205.3930756108853,1200.173290020454,492.85950130761364
2019-04-10,,1122.0,0.0,307.6122742953522,0.0,0.0,0.0,0.0,0.0,1193.652615841076,1215.4832536522144,1199.6414869433238,1193.652615841076,489.5487038414958
2019-04-11,,1111.0,0.0,303.4515482529612,0.0,0.0,0.0,0.0,0.0,1187.1238265372563,1209.2405575337416,1193.9096224897266,1187.1238265372563,486.71569435171074
2019-04-12,,1100.0,0.0,291.12251151656017,0.0,0.0,0.0,0.0,0.0,1180.5974071892397,1202.701861985257,1188.2022276753828,1180.5974071892397,482.82800104580497
2019-04-13,,1089.0,0.0,285.14416691653935,0.0,0.0,0.0,0.0,0.0,1174.0835915103937,1196.414754722368,1182.522898171565,1174.0835915103937,479.77067641510826
2019-04-14,,1078.0,0.0,273.68356197174955,0.0,0.0,0.0,0.0,0.0,1167.5923515878599,1190.0785528943502,1176.8665263364257,1167.5923515878599,476.0276240987982
2019-04-15,,1067.0,0.0,264.1628818464301,0.0,0.0,0.0,0.0,0.0,1161.1333879906963,1187.8756276071767,1171.241619503902,1161.1333879906963,473.05168961852564
2019-04-16,,1056.0,0.0,257.4771138514602,0.0,0.0,0.0,0.0,0.0,1154.716120256761,1182.9162170451675,1165.656697327698,1154.716120256761,470.09576856013587
2019-04-17,,1045.0,0.0,251.00701750593754,0.0,0.0,0.0,0.0,0.0,1148.3496777691105,1176.4987677205709,1160.1199087095317,1148.3496777691105,466.99692146314385
2019-04-18,,1034.0,0.0,248.99117384478063,0.0,0.0,0.0,0.0,0.0,1142.0428910322216,1169.8597481806344,1154.6389491925754,1142.0428910322216,464.4415952812765
2019-04-19,,1023.0,0.0,238.93498577743958,0.0,0.0,0.0,0.0,0.0,1135.8042833578436,1162.648928652583,1149.2214427339725,1135.8042833578436,460.82620506522983
2019-04-20,,1012.0,0.0,235.30870315255504,0.0,0.0,0.0,0.0,0.0,1129.6420629697907,1156.514073919601,1143.874701008148,1129.6420629697907,458.1674426312618
2019-04-21,,1022.0,0.0,226.22975932360845,0.0,0.0,0.0,0.0,0.0,1123.5641155364692,1150.258392160158,1138.6055546232053,1123.5641155364692,454.8322277054301
2019-04-22,,1040.0,0.0,219.07106157544695,0.0,0.0,0.0,0.0,0.0,1117.5779971394113,1144.378352905567,1133.4206789593125,1117.5779971394113,451.8060113224672
2019-04-23,,1062.0,0.0,214.67983792093287,0.0,0.0,0.0,0.0,0.0,1111.6909276855517,1138.3133996614536,1128.326475853532,1111.6909276855517,449.12633014018377
2019-04-24,,1092.0,0.0,210.39174383653966,0.0,0.0,0.0,0.0,0.0,1105.9097847704465,1134.6377799665715,1123.3288629327449,1105.9097847704465,446.78352143828783
2019-04-25,,1122.0,0.0,210.40397331385702,0.0,0.0,0.0,0.0,0.0,1100.241097999078,1129.4224398081126,1118.4335271281284,1100.241097999078,444.81262978114705
2019-04-26,,1147.0,0.0,202.18521864459956,0.0,0.0,0.0,0.0,0.0,1094.6910437703307,1123.4606611123304,1113.6459024753196,1094.6910437703307,441.7478532503226
2019-04-27,,1162.0,0.0,200.17452785497193,0.0,0.0,0.0,0.0,0.0,1089.2654405306644,1117.4645850452089,1108.9709524369323,1089.2654405306644,439.4844382334722
2019-04-28,,1171.0,0.0,192.46432516328903,0.0,0.0,0.0,0.0,0.0,1083.969744501931,1111.551060219505,1104.4133474718703,1083.969744501931,436.5498096695744
2019-04-29,,1180.0,0.0,186.4092192945683,0.0,0.0,0.0,0.0,0.0,1078.8090458877111,1106.3556218812316,1099.9775111014733,1078.8090458877111,433.9439247706231
2019-04-30,,1189.0,0.0,182.8451890116284,0.0,0.0,0.0,0.0,0.0,1073.7880655619601,1103.2017877346398,1095.6674200167265,1073.7880655619601,431.93780779061933
2019-05-01,,1198.0,0.0,179.10384102088864,0.0,0.0,0.0,0.0,0.0,1068.9111522431654,1099.79357477845,1091.4867112193563,1068.9111522431654,429.91190990773254
2019-05-02,,1207.0,0.0,179.3854812006573,0.0,0.0,0.0,0.0,0.0,1064.1822801566327,1097.6204361931952,1087.4387703024424,1064.1822801566327,428.57837098161593
2019-05-03,,1217.0,0.0,171.1688452265881,0.0,0.0,0.0,0.0,0.0,1059.6050471869235,1094.7702444428874,1083.5265646508133,1059.6050471869235,426.1338376884015
2019-05-04,,1226.0,0.0,168.9095442271324,0.0,0.0,0.0,0.0,0.0,1055.1826735218638,1092.1474114057369,1079.7526913693505,1055.1826735218638,424.4990400655104
2019-05-05,,1235.0,0.0,160.72250245482473,0.0,0.0,0.0,0.0,0.0,1050.918000788959,1089.0375634957563,1076.119485657118,1050.918000788959,422.09969404958224
2019-05-06,,1245.0,0.0,153.990028016979,0.0,0.0,0.0,0.0,0.0,1046.8134916844458,1085.816851491624,1072.6288943100215,1046.8134916844458,419.90615818788376
2019-05-07,,1254.0,0.0,149.5801264115493,0.0,0.0,0.0,0.0,0.0,1042.8712300946142,1083.0436024050223,1069.2824783976841,1042.8712300946142,418.0971796636088
2019-05-08,,1262.0,0.0,144.85977605347495,0.0,0.0,0.0,0.0,0.0,1039.0929217084392,1079.8308022248707,1066.0815245958088,1039.0929217084392,416.23312807282423
2019-05-09,,1269.0,0.0,144.06693376862015,0.0,0.0,0.0,0.0,0.0,1035.4798951199632,1076.5406675921022,1063.0269598904722,1035.4798951199632,414.8893070463947
2019-05-10,,1275.0,0.0,134.7191456429491,0.0,0.0,0.0,0.0,0.0,1032.0331034182807,1072.4640953609,1060.1193233986019,1032.0331034182807,412.4169584775915
2019-05-11,,1281.0,0.0,131.3108496682082,0.0,0.0,0.0,0.0,0.0,1028.753126262382,1069.4498050338389,1057.3588687151905,1028.753126262382,410.8590812099524
2019-05-12,,1287.0,0.0,121.99467864593737,0.0,0.0,0.0,0.0,0.0,1025.6401724375285,1066.8341997298817,1054.7455162894785,1025.6401724375285,408.6518208878532
2019-05-13,,1293.0,0.0,114.18843568342767,0.0,0.0,0.0,0.0,0.0,1022.6940828892509,1064.791105106593,1052.2788075844908,1022.6940828892509,406.7440539079703
2019-05-14,,1299.0,0.0,108.79238228280175,0.0,0.0,0.0,0.0,0.0,1019.9143342304774,1064.1800795448235,1049.957991289965,1019.9143342304774,405.35559841850846
2019-05-15,,1305.0,0.0,103.20158660072971,0.0,0.0,0.0,0.0,0.0,1017.3000427167339,1062.1006813285405,1047.7820071597628,1017.3000427167339,403.7980397257209
2019-05-16,,1311.0,0.0,101.67712560775428,0.0,0.0,0.0,0.0,0.0,1014.8499686837921,1059.1572013560778,1045.749433508414,1014.8499686837921,402.67921614450484
2019-05-17,,1317.0,0.0,91.75403893275612,0.0,0.0,0.0,0.0,0.0,1012.5625214415714,1068.5859690737336,1043.8585541639852,1012.5625214415714,402.0951354515058
2019-05-18,,1322.0,0.0,87.93813925646883,0.0,0.0,0.0,0.0,0.0,1010.4357646175667,1082.299240853563,1042.1073663514794,1010.4357646175667,402.8475638848847
2019-05-19,,1327.0,0.0,78.38700164343794,0.0,0.0,0.0,0.0,0.0,1008.4674219425149,1088.2062905347427,1040.4935298683388,1008.4674219425149,401.94428049862927
2019-05-20,,1332.0,0.0,70.51681318179749,0.0,0.0,0.0,0.0,0.0,1006.6548834704885,1086.4901669495453,1039.0144147278036,1006.6548834704885,400.33453479120436
2019-05-21,,1332.0,0.0,65.21972680917293,0.0,0.0,0.0,0.0,0.0,1004.9952122250766,1083.2583908381944,1037.667125605321,1004.9952122250766,398.89255693472063
2019-05-22,,1322.0,0.0,59.876465493103524,0.0,0.0,0.0,0.0,0.0,1003.4851512627976,1079.1410343622379,1036.448458338351,1003.4851512627976,397.3688886820612
2019-05-23,,1311.0,0.0,58.727963817016004,0.0,0.0,0.0,0.0,0.0,1002.1211311443894,1075.2519713465274,1035.3549303172963,1002.1211311443894,396.43199957815364
2019-05-24,,1301.0,0.0,49.28393297113212,0.0,0.0,0.0,0.0,0.0,1000.8992778041222,1072.5232659797487,1034.3828147304282,1000.8992778041222,394.6361614356789
2019-05-25,,1291.0,0.0,46.02043741768695,0.0,0.0,0.0,0.0,0.0,999.8154208068084,1069.3571687190797,1033.5281075871735,999.8154208068084,393.5901418163436
2019-05-26,,1280.0,0.0,37.061784652352316,0.0,0.0,0.0,0.0,0.0,998.8651019817082,1064.1693805607385,1032.7865441354552,998.8651019817082,391.6103514162818
2019-05-27,,1269.0,0.0,29.788384645612865,0.0,0.0,0.0,0.0,0.0,998.0435844220782,1058.6075906653282,1032.1536373233284,998.0435844220782,389.8241496320435
2019-05-28,,1258.0,0.0,25.055194900385516,0.0,0.0,0.0,0.0,0.0,997.3458618386708,1054.3891675101845,1031.6246565231695,997.3458618386708,388.55186009655125
2019-05-29,,1247.0,0.0,20.205466951363896,0.0,0.0,0.0,0.0,0.0,996.7666682550605,1050.4087359753912,1031.1946337413385,996.7666682550605,387.32193811539423
2019-05-30,,1236.0,0.0,19.44354943181942,0.0,0.0,0.0,0.0,0.0,996.3004880322667,1045.976754244211,1030.858402092661,996.3004880322667,386.57239922511974
2019-05-31,,1225.0,0.0,10.244601071596001,0.0,0.0,0.0,0.0,0.0,995.9415662097402,1044.503645936667,1030.6105858811209,995.9415662097402,385.1625498873905
2019-06-01,,1214.0,0.0,7.05326944278189,0.0,0.0,0.0,0.0,0.0,995.6839191494037,1043.0713289001208,1030.4456002994127,995.6839191494037,384.5317647239649
2019-06-02,,1203.0,0.0,0.0,0.0,0.0,0.0,0.0,0.0,995.521345469066,1040.4436354447182,1030.3576870808956,995.521345469066,383.29033349933496
2019-06-03,,1192.0,0.0,0.0,0.0,0.0,0.0,0.0,0.0,995.4474372511885,1036.463168125292,1030.340914570716,995.4474372511885,382.78143999339954
2019-06-04,,1181.0,0.0,0.0,0.0,0.0,0.0,0.0,0.0,995.4555915126413,1034.9648097718364,1030.3891741697405,995.4555915126413,382.6011969317773
2019-06-05,,1170.0,0.0,0.0,0.0,0.0,0.0,0.0,0.0,995.5390219207801,1036.2673671151895,1030.4962115483133,995.5390219207801,382.7878250730354
2019-06-06,,1160.0,0.0,0.0,0.0,0.0,0.0,0.0,0.0,995.6907707408716,1039.9793425577013,1030.6556347686221,995.6907707408716,383.29071850839944
2019-06-07,,1148.0,0.0,0.0,0.0,0.0,0.0,0.0,0.0,1032.232297305898,1051.5021694639154,1030.8609100727126,995.9037209996222,384.7833500670313
2019-06-08,,1138.0,0.0,0.0,0.0,0.0,0.0,0.0,0.0,1044.2252796728565,1060.1278018848827,1031.10538803317,996.1706088492995,385.925474845919
2019-06-09,,1128.0,0.0,0.0,0.0,0.0,0.0,0.0,0.0,1043.9043600410237,1062.5877156177332,1031.382317581329,996.4840361166966,386.3067586644699
2019-06-10,,1118.0,0.0,0.0,0.0,0.0,0.0,0.0,0.0,1044.1953620853565,1062.9506384317276,1031.6848430064717,996.8364830209683,386.433995557396
2019-06-11,,1108.0,0.0,0.0,0.0,0.0,0.0,0.0,0.0,1043.002341469937,1061.560016972297,1032.006025149354,997.2203210441596,386.34829539572627
2019-06-12,,1098.0,0.0,0.0,0.0,0.0,0.0,0.0,0.0,1041.0462968697097,1059.6929846172402,1032.3388592575914,997.6278259380708,386.2074587266128
2019-06-13,,1088.0,0.0,0.0,0.0,0.0,0.0,0.0,0.0,1037.9814151330654,1058.2080444049543,1032.6762743528861,998.0511908509302,386.11693870109633
2019-06-14,,1078.0,0.0,0.0,0.0,0.0,0.0,0.0,0.0,1038.1631111174224,1058.2201430295042,1033.0111500498613,998.482539557209,386.2142290795718
2019-06-15,,1068.0,0.0,0.0,0.0,0.0,0.0,0.0,0.0,1036.288210722201,1057.4041469823098,1033.3363364070292,998.9139397737846,386.2068028953904
2019-06-16,,1057.0,0.0,0.0,0.0,0.0,0.0,0.0,0.0,1032.9346251687493,1054.5138717381699,1033.644656197561,999.3374165455556,385.93699306016083
2019-06-17,,1047.0,0.0,0.0,0.0,0.0,0.0,0.0,0.0,1031.4856916394604,1052.302526385647,1033.9289181885797,999.7449656835278,385.74705128221933
2019-06-18,,1037.0,0.0,0.0,0.0,0.0,0.0,0.0,0.0,1029.611899781276,1049.5476195496135,1034.1819375014952,1000.128567238328,385.48226553617957
2019-06-19,,1027.0,0.0,0.0,0.0,0.0,0.0,0.0,0.0,1026.0262496924738,1047.6644660659706,1034.396540826001,1000.4801989920596,385.3176507355039
2019-06-20,,1017.0,0.0,0.0,0.0,0.0,0.0,0.0,0.0,1023.1217896736892,1051.9879830202901,1034.5655770680826,1000.7918499513916,385.91817625497055
2019-06-21,,1007.0,0.0,0.0,0.0,0.0,0.0,0.0,0.0,1019.133353176056,1051.942996448666,1034.681937110777,1001.0555338247719,385.96005842302685
2019-06-22,,997.0,0.0,0.0,0.0,0.0,0.0,0.0,0.0,1017.1424707392149,1049.2314185405412,1034.7385616530785,1001.2633024666741,385.65416033253666
2019-06-23,,987.0,0.0,0.0,0.0,0.0,0.0,0.0,0.0,1004.9344211882899,1044.2829639351112,1034.7284500775188,1001.4072592718265,385.05233416055705
2019-06-24,,977.0,0.0,0.0,0.0,0.0,0.0,0.0,0.0,1004.8017299200731,1044.8624680840007,1034.6446788628982,1001.4795725024361,385.12333993116687
2019-06-25,,967.0,0.0,0.0,0.0,0.0,0.0,0.0,0.0,1004.1718664728629,1045.0959104069914,1034.4804115038908,1001.4724885314928,385.13110130529685
2019-06-26,,957.0,0.0,0.0,0.0,0.0,0.0,0.0,0.0,1003.8200516218423,1046.8094287414813,1034.2289063085282,1001.3783449853529,385.3020850044203
2019-06-27,,947.0,0.0,0.0,0.0,0.0,0.0,0.0,0.0,1003.4356453367787,1048.6390222252683,1033.8835330266068,1001.1895837689065,385.46401737759766
2019-06-28,,936.0,0.0,0.0,0.0,0.0,0.0,0.0,0.0,1002.7953304066895,1049.5412476758254,1033.4377841945493,1000.8987639567911,385.4847244783957
2019-06-29,,926.0,0.0,0.0,0.0,0.0,0.0,0.0,0.0,1002.1217235827568,1051.9712051448987,1032.885282390733,1000.4985745342624,385.66938275873673
2019-06-30,,916.0,0.0,0.0,0.0,0.0,0.0,0.0,0.0,1001.2457047237831,1051.1276655152487,1032.2197948906085,999.9818469715239,385.41616342217264
2019-07-01,,906.0,0.0,0.0,0.0,0.0,0.0,0.0,0.0,1000.437551171332,1049.9174256303677,1031.4352457610694,999.3415676155081,385.08677987586816
2019-07-02,,896.0,0.0,0.0,0.0,0.0,0.0,0.0,0.0,1011.4877170144534,1048.8294754640558,1030.5257229101146,998.5708898833332,384.74076103218795
2019-07-03,,896.0,0.0,0.0,0.0,0.0,0.0,0.0,0.0,1052.692431121264,1051.5260162457853,1029.4854907577194,997.663146241889,384.8343316556742
2019-07-04,,886.0,0.0,0.0,0.0,0.0,0.0,0.0,0.0,1063.6628535470759,1050.2111974303357,1028.3090024490373,996.6118599582669,384.39150747970496
2019-07-05,,876.0,0.0,0.0,0.0,0.0,0.0,0.0,0.0,1061.7773630387746,1049.0161410483595,1026.9909068579211,995.4107566060285,383.9272255640386
2019-07-06,,866.0,0.0,0.0,0.0,0.0,0.0,0.0,0.0,1059.7955451534551,1044.4149411021108,1025.5260593755258,994.0537753125955,382.999346973779
2019-07-07,,856.0,0.0,0.0,0.0,0.0,0.0,0.0,0.0,1055.7895351759753,1043.8601154848225,1023.9095336978903,992.5350797333585,382.5380911145089
2019-07-08,,847.0,0.0,0.0,0.0,0.0,0.0,0.0,0.0,1050.394662567351,1040.0148024050206,1022.1366287951719,991.0979003231657,381.65616644041984
2019-07-09,,837.0,0.0,0.0,0.0,0.0,0.0,0.0,0.0,1044.8039353811012,1036.7990717891712,1020.2028779775757,989.3195359451242,380.7901857139839
2019-07-10,,827.0,0.0,0.0,0.0,0.0,0.0,0.0,0.0,1041.686716244264,1044.6476370649707,1018.1040598194818,987.4916725002446,381.2804211730871
2019-07-11,,816.0,0.0,0.0,0.0,0.0,0.0,0.0,0.0,1034.5677374895333,1044.8518784496928,1015.8362049950988,985.3922402203883,380.7600404581475
2019-07-12,,810.0,0.0,0.0,0.0,0.0,0.0,0.0,0.0,1048.0322214377738,1049.6869737231746,1013.3956037961309,982.988062278261,380.7588299746958
2019-07-13,,800.0,0.0,0.0,0.0,0.0,0.0,0.0,0.0,1051.0563395894847,1047.5293820166978,1010.778815865369,980.3729535374529,379.83514392743996
2019-07-14,,791.0,0.0,0.0,0.0,0.0,0.0,0.0,0.0,1054.352324440951,1041.042925623419,1007.9826767260945,977.5466442927218,378.3215308302794
2019-07-15,,782.0,0.0,0.0,0.0,0.0,0.0,0.0,0.0,1049.2176958720188,1033.084269432561,1005.0043039110479,974.5629127488567,376.58143576155817
2019-07-16,,774.0,0.0,0.0,0.0,0.0,0.0,0.0,0.0,1040.1500739797984,1024.969789910822,1001.8411052817781,971.3371321338078,374.768503415801
2019-07-17,,764.0,0.0,0.0,0.0,0.0,0.0,0.0,0.0,1030.1945269441094,1019.3752509118574,998.4907850405701,967.8820838998151,373.21851498153035
2019-07-18,,756.0,0.0,0.0,0.0,0.0,0.0,0.0,0.0,1017.3785503008065,1018.8755923417141,994.9513485979251,964.2398330010799,372.2583467425899
2019-07-19,,747.0,0.0,0.0,0.0,0.0,0.0,0.0,0.0,999.7298405571664,1013.59227466418,991.2211093428873,960.3601390731246,370.646690385024
2019-07-20,,738.0,0.0,0.0,0.0,0.0,0.0,0.0,0.0,993.2191159165478,1007.5702938270598,987.2986939169733,956.2727164690509,368.89271302663553
2019-07-21,,729.0,0.0,0.0,0.0,0.0,0.0,0.0,0.0,984.1328312080723,998.7989532102745,983.1830459077079,951.9857691959365,366.74597103923986
2019-07-22,,720.0,0.0,0.0,0.0,0.0,0.0,0.0,0.0,976.8116874853264,992.3006842997399,978.8734310063633,947.4695425527017,364.8304572323506
2019-07-23,,710.0,0.0,0.0,0.0,0.0,0.0,0.0,0.0,968.6681018104046,983.6268196162413,974.3694413364913,942.7522834535721,362.59356805078806
2019-07-24,,701.0,0.0,0.0,0.0,0.0,0.0,0.0,0.0,960.2794431791433,974.1048476598231,969.6709980219402,937.7381222157035,360.1892459871833
2019-07-25,,692.0,0.0,0.0,0.0,0.0,0.0,0.0,0.0,956.3891882315047,967.9777148873461,964.7783547215246,932.6047980401131,358.170108456123
2019-07-26,,682.0,0.0,0.0,0.0,0.0,0.0,0.0,0.0,948.4799759892782,959.3279863771367,959.6921008333901,927.1960376340069,355.7770156055667
2019-07-27,,673.0,0.0,0.0,0.0,0.0,0.0,0.0,0.0,940.6009496454044,955.306441993642,954.413162952669,921.6261908009155,353.9182244684033
2019-07-28,,664.0,0.0,0.0,0.0,0.0,0.0,0.0,0.0,925.4462866263498,946.9519567884108,948.9428068092233,915.8578198123976,351.46907292625394
2019-07-29,,655.0,0.0,0.0,0.0,0.0,0.0,0.0,0.0,918.2379281633416,942.6930673387916,943.2826392068239,909.8733612617717,349.4811334759234
2019-07-30,,646.0,0.0,0.0,0.0,0.0,0.0,0.0,0.0,908.4919779048121,936.4442878296607,937.4346083612833,903.6766134957292,347.19443871083416
2019-07-31,,637.0,0.0,0.0,0.0,0.0,0.0,0.0,0.0,901.697086080306,931.09699427718,931.4010042904117,897.2603944934021,344.96979913262425
2019-08-01,,628.0,0.0,0.0,0.0,0.0,0.0,0.0,0.0,904.7400281872733,924.4366053725,925.1844593885703,890.6434554433538,342.533065025553
2019-08-02,,619.0,0.0,0.0,0.0,0.0,0.0,0.0,0.0,900.7868339340916,916.3693286703518,918.7879476219339,883.8195582757635,339.87210432100613
2019-08-03,,610.0,0.0,0.0,0.0,0.0,0.0,0.0,0.0,892.8113932741969,907.2497894274784,912.2147834325242,876.7917511343305,337.0320404992916
2019-08-04,,600.0,0.0,0.0,0.0,0.0,0.0,0.0,0.0,894.9322455078498,905.9725365877222,905.46862089007,869.5634574467277,335.125576865565
2019-08-05,,590.0,0.0,0.0,0.0,0.0,0.0,0.0,0.0,894.0056777463706,899.3165024476524,898.5534517167299,862.1384746415661,332.50105360074355
2019-08-06,,579.0,0.0,0.0,0.0,0.0,0.0,0.0,0.0,886.4547669336588,889.4033589255657,891.4736027728927,854.520972373744,329.4247417590253
2019-08-07,,572.0,0.0,0.0,0.0,0.0,0.0,0.0,0.0,877.2904456763616,880.6604643864239,884.2337337666343,846.8895155057808,326.47296420735483
2019-08-08,,565.0,0.0,0.0,0.0,0.0,0.0,0.0,0.0,871.5880862997909,875.7871506922038,876.8388340845797,839.0972002622691,323.9653981298816
2019-08-09,,556.0,0.0,0.0,0.0,0.0,0.0,0.0,0.0,868.484817694891,869.5591387348952,869.2942189290343,830.9730152338893,321.2282966122274
2019-08-10,,548.0,0.0,0.0,0.0,0.0,0.0,0.0,0.0,859.0974316989855,858.6069812051371,861.6055255990641,822.8360111161237,317.88106474004064
2019-08-11,,541.0,0.0,0.0,0.0,0.0,0.0,0.0,0.0,853.0117767001057,848.5138065052563,853.7787091153875,814.3894401807149,314.5852444751698
2019-08-12,,536.0,0.0,0.0,0.0,0.0,0.0,0.0,0.0,844.789235222001,838.9148935470853,845.8200370787387,806.3938354596393,311.3910957606829
2019-08-13,,531.0,0.0,0.0,0.0,0.0,0.0,0.0,0.0,832.5445167569292,832.816937726119,837.7360845650105,798.1368844214982,308.5862383390785
2019-08-14,,526.0,0.0,0.0,0.0,0.0,0.0,0.0,0.0,825.2853609639819,829.9011846521882,829.5337285481337,790.0188853015126,306.1817248127293
2019-08-15,,526.0,0.0,0.0,0.0,0.0,0.0,0.0,0.0,857.7349163650649,828.3649948385665,821.2201415501452,781.7941876907134,303.92241550992816
2019-08-16,,521.0,0.0,0.0,0.0,0.0,0.0,0.0,0.0,862.2085853395342,825.5662414601461,812.8027852158829,772.9956220181147,301.420581086768
2019-08-17,,516.0,0.0,0.0,0.0,0.0,0.0,0.0,0.0,846.9779205249046,817.1334418007243,804.2894035568377,764.2110739035493,298.2042399076389
2019-08-18,,511.0,0.0,0.0,0.0,0.0,0.0,0.0,0.0,834.2120692836309,809.1340456513383,795.6880154652335,755.0008076598969,294.97785859705857
2019-08-19,,506.0,0.0,0.0,0.0,0.0,0.0,0.0,0.0,820.3367133681913,803.7245039549335,787.0069070519937,746.2271084612253,292.1198149335191
2019-08-20,,501.0,0.0,0.0,0.0,0.0,0.0,0.0,0.0,802.3153362991047,792.3185952293903,778.2546237547324,737.1536154952523,288.4658543099219
2019-08-21,,496.0,0.0,0.0,0.0,0.0,0.0,0.0,0.0,785.4870270433298,781.6703672106489,769.439961791852,728.1051526769818,284.90193520993535
2019-08-22,,491.0,0.0,0.0,0.0,0.0,0.0,0.0,0.0,773.5389898464689,770.1224096169183,760.5719593615661,718.959451437519,281.2067275520004
2019-08-23,,486.0,0.0,0.0,0.0,0.0,0.0,0.0,0.0,758.6300284429785,759.3705381833366,751.659887677193,709.1688725821379,277.52491230533343
2019-08-24,,481.0,0.0,0.0,0.0,0.0,0.0,0.0,0.0,737.9389486149228,746.8933182610623,742.7132414428439,699.4096919051057,273.62703145112647
2019-08-25,,476.0,0.0,0.0,0.0,0.0,0.0,0.0,0.0,721.3174813965326,735.9458469630187,733.7417290220563,689.352736783731,269.88003909610075
2019-08-26,,472.0,0.0,0.0,0.0,0.0,0.0,0.0,0.0,707.1468739489027,723.2803766795189,724.7552624822637,679.7097940673634,265.96817915364323
2019-08-27,,467.0,0.0,0.0,0.0,0.0,0.0,0.0,0.0,690.7389620754709,708.4822915639672,715.7639471808478,669.9713866263687,261.77720317139796
2019-08-28,,463.0,0.0,0.0,0.0,0.0,0.0,0.0,0.0,684.822954752569,694.5769320371994,706.7780710201857,660.1856215768156,257.6925780792751
2019-08-29,,458.0,0.0,0.0,0.0,0.0,0.0,0.0,0.0,672.3683251174243,679.3061230590162,697.8080935998823,650.5912318927153,253.4631810689517
2019-08-30,,454.0,0.0,0.0,0.0,0.0,0.0,0.0,0.0,657.9782912111369,667.0159078731524,688.8646350103168,640.4910105872328,249.54644418383776
2019-08-31,,450.0,0.0,0.0,0.0,0.0,0.0,0.0,0.0,638.8873758742653,658.9777483116558,679.9584642972956,630.6513675641484,246.19844752163746
2019-09-01,,445.0,0.0,0.0,0.0,0.0,0.0,0.0,0.0,629.4542628967594,646.1415587492185,671.1004878349528,620.7933245220449,242.25442138827702
2019-09-02,,441.0,0.0,0.0,0.0,0.0,0.0,0.0,0.0,621.9987678822984,641.0785457701289,662.3017374328391,611.5404510984467,239.36509178767685
2019-09-03,,437.0,0.0,0.0,0.0,0.0,0.0,0.0,0.0,612.224054367186,644.4120801601604,653.5733581384359,602.4387239038604,237.5530202753071
2019-09-04,,432.0,0.0,0.0,0.0,0.0,0.0,0.0,0.0,601.9721832669298,638.9110939187814,644.9265959553592,593.4777722249574,234.66443276238726
2019-09-05,,428.0,0.0,0.0,0.0,0.0,0.0,0.0,0.0,591.2240133937046,628.1733051935047,636.3727853789304,584.895806970236,231.18023719283389
2019-09-06,,423.0,0.0,0.0,0.0,0.0,0.0,0.0,0.0,579.107560517066,623.094945134018,627.9233366688891,575.9670346418555,228.37316455559534
2019-09-07,,418.0,0.0,0.0,0.0,0.0,0.0,0.0,0.0,568.5317204872932,616.1419663791867,619.5897230466877,567.4245510837708,225.39453006370564
2019-09-08,,412.0,0.0,0.0,0.0,0.0,0.0,0.0,0.0,557.8218023954213,605.9667165276061,611.3834677827949,558.9523259787014,222.0378137861378
2019-09-09,,408.0,0.0,0.0,0.0,0.0,0.0,0.0,0.0,546.3734069732354,598.3415602430798,603.3161310752395,551.1342774616846,219.0989960975005
2019-09-10,,403.0,0.0,0.0,0.0,0.0,0.0,0.0,0.0,535.7308362188097,592.721113605772,595.3992968664708,543.4753873605051,216.44947472909348
2019-09-11,,398.0,0.0,0.0,0.0,0.0,0.0,0.0,0.0,524.6960445599296,586.7053153492861,587.6445596129132,535.924285513574,213.78427005947168
2019-09-12,,394.0,0.0,0.0,0.0,0.0,0.0,0.0,0.0,514.4493772554155,574.6827602670016,580.0635109075322,528.6795611905244,210.4282290456323
2019-09-13,,390.0,0.0,0.0,0.0,0.0,0.0,0.0,0.0,502.02412779463293,563.5345299604007,572.6677260611656,520.978562710607,207.1476023415217
2019-09-14,,385.0,0.0,0.0,0.0,0.0,0.0,0.0,0.0,503.80217300194033,555.1285964346571,565.4687506906813,513.521638337355,204.26487318283665
2019-09-15,,381.0,0.0,0.0,0.0,0.0,0.0,0.0,0.0,498.5410799706957,547.0163007722998,558.4780872255773,505.96538797136975,201.43247199615587
2019-09-16,,374.0,0.0,0.0,0.0,0.0,0.0,0.0,0.0,489.55558815211384,536.2979132291018,551.7071814010357,498.87288499485817,198.35974745312447
2019-09-17,,380.0,0.0,0.0,0.0,0.0,0.0,0.0,0.0,511.86354328941366,533.4799215648004,545.1674088052067,491.7357813930547,196.29788897038276
2019-09-18,,386.0,0.0,0.0,0.0,0.0,0.0,0.0,0.0,540.4910297012264,528.8801806926109,538.8700614108092,484.49769098097875,194.03099163554987
2019-09-19,,394.0,0.0,0.0,0.0,0.0,0.0,0.0,0.0,575.6649130620309,519.0766407468723,532.8263341276541,477.3610799441177,191.15800685233052
2019-09-20,,389.0,0.0,0.0,0.0,0.0,0.0,0.0,0.0,579.6508172322028,507.91293524385173,527.0473114519176,469.57640269610806,188.0670811739847
2019-09-21,,385.0,0.0,0.0,0.0,0.0,0.0,0.0,0.0,571.1829121817965,499.782613414116,521.5439541636707,461.8664195328681,185.39912338883187
2019-09-22,,380.0,0.0,0.0,0.0,0.0,0.0,0.0,0.0,560.4883880348982,488.9252498386801,516.3270860854468,453.9192560919565,182.39644900201043
2019-09-23,,376.0,0.0,0.0,0.0,0.0,0.0,0.0,0.0,545.8189173364468,477.0749097036619,511.4073809767905,446.3381619424455,179.35255657786223
2019-09-24,,371.0,0.0,0.0,0.0,0.0,0.0,0.0,0.0,533.6192456001301,465.6243523894673,506.7953495375125,438.662887077361,176.38532362554258
2019-09-25,,366.0,0.0,0.0,0.0,0.0,0.0,0.0,0.0,521.4719194181848,456.7801868896987,502.50132651614456,430.89208443357006,173.77169972992667
2019-09-26,,362.0,0.0,0.0,0.0,0.0,0.0,0.0,0.0,506.88665922247196,446.7666152287877,498.53545799161805,423.3298955021327,171.0789960903173
2019-09-27,,357.0,0.0,0.0,0.0,0.0,0.0,0.0,0.0,490.84767096966516,435.8260992330514,494.90768881962026,415.9190392460998,168.33160341234645
2019-09-28,,353.0,0.0,0.0,0.0,0.0,0.0,0.0,0.0,473.9767289288268,429.7752218213167,491.62775023068764,409.03263089251436,166.30445036806483
2019-09-29,,348.0,0.0,0.0,0.0,0.0,0.0,0.0,0.0,461.0197862070622,428.7489673660913,488.70514763756535,402.79179313879604,165.03073851780658
2019-09-30,,343.0,0.0,0.0,0.0,0.0,0.0,0.0,0.0,445.35928967304835,423.76351978950527,486.1491486583179,396.99807906906494,163.363843439611
2019-10-01,,338.0,0.0,0.0,0.0,0.0,0.0,0.0,0.0,432.2701012991554,420.6776187652422,483.9687713383795,391.91363444738545,162.0700030688759
2019-10-02,,333.0,0.0,0.0,0.0,0.0,0.0,0.0,0.0,420.8781862391544,419.61512123666296,482.1727726171167,387.1576743926048,161.11819603079806
2019-10-03,,328.0,0.0,0.0,0.0,0.0,0.0,0.0,0.0,402.64999276391654,413.53070161813014,480.76963705623234,383.179801417499,159.68501751148267
2019-10-04,,323.0,0.0,0.0,0.0,0.0,0.0,0.0,0.0,391.29578927760895,411.008812177099,479.76756581341647,379.734338200175,158.8138395238363
2019-10-05,,328.0,0.0,0.0,0.0,0.0,0.0,0.0,0.0,414.7679287837278,411.38930391163035,479.17446589500264,376.96749933426554,158.44140864261232
2019-10-06,,334.0,0.0,0.0,0.0,0.0,0.0,0.0,0.0,442.3303365023231,411.82186224210045,478.9979397116705,374.9614336828655,158.22265445457955
2019-10-07,,330.0,0.0,0.0,0.0,0.0,0.0,0.0,0.0,446.5374850079959,410.7903033797693,479.2452749234909,373.4570038511072,157.93657276929594
2019-10-08,,327.0,0.0,0.0,0.0,0.0,0.0,0.0,0.0,445.6286674455215,408.25441112828764,479.92343459745393,372.70253935255414,157.61004813478695
2019-10-09,,323.0,0.0,0.0,0.0,0.0,0.0,0.0,0.0,443.89493319271844,406.370522833643,481.03904770456506,372.3316085334644,157.46764738395905
2019-10-10,,320.0,0.0,0.0,0.0,0.0,0.0,0.0,0.0,441.0289729849461,406.85630344302604,482.59839994710796,372.6990375676305,157.76921761972056
2019-10-11,,316.0,0.0,0.0,0.0,0.0,0.0,0.0,0.0,437.3470171346502,406.9146651596616,484.6074249303689,373.544613404144,158.1333379367718
2019-10-12,,313.0,0.0,0.0,0.0,0.0,0.0,0.0,0.0,436.7007993160902,407.3430788206264,487.07169570599694,375.0071667102717,158.67774265461188
2019-10-13,,307.0,0.0,0.0,0.0,0.0,0.0,0.0,0.0,435.7583379334918,406.5400263873005,489.9964166822658,376.9601429884989,159.18707325725813
2019-10-14,,303.0,0.0,0.0,0.0,0.0,0.0,0.0,0.0,429.88060874227574,405.62551817401254,493.3864159086902,380.59203256875605,159.95049583143236
2019-10-15,,299.0,0.0,0.0,0.0,0.0,0.0,0.0,0.0,426.3609577585047,406.8925142673877,497.24613776005583,385.2675269894378,161.17577237711015
2019-10-16,,295.0,0.0,0.0,0.0,0.0,0.0,0.0,0.0,425.93876049146456,410.72763662001694,501.57963601943607,391.4098694315297,162.96464275887286
2019-10-17,,290.0,0.0,0.0,0.0,0.0,0.0,0.0,0.0,424.6955784045284,423.54610020545203,506.3905673627104,398.8240731499934,166.09509258976948
2019-10-18,,286.0,0.0,0.0,0.0,0.0,0.0,0.0,0.0,427.95006858450176,437.0629059587452,511.6821852661121,407.0904410318267,169.4794415320855
2019-10-19,,282.0,0.0,0.0,0.0,0.0,0.0,0.0,0.0,429.3938381959381,452.0670135637869,517.4573343397972,416.72914861001266,173.2816870641996
2019-10-20,,278.0,0.0,0.0,0.0,0.0,0.0,0.0,0.0,432.8475050102255,464.0782087501052,523.7184450867135,427.2704774119717,176.88339140609878
2019-10-21,,274.0,0.0,0.0,0.0,0.0,0.0,0.0,0.0,433.67521014036663,476.30587495797204,530.4675291039538,439.6014561019365,180.79685752048277
2019-10-22,,270.0,0.0,0.0,0.0,0.0,0.0,0.0,0.0,436.35637348894204,486.19163126669844,537.7061747319291,452.8719472999701,184.5962191623247
2019-10-23,,266.0,0.0,0.0,0.0,0.0,0.0,0.0,0.0,443.0408856080221,501.37384788772715,545.4355431486915,467.2872493966563,189.26208005413437
2019-10-24,,262.0,0.0,0.0,0.0,0.0,0.0,0.0,0.0,450.1284595599917,515.8730665900747,553.6563649220293,482.63536724444646,194.02059984456884
2019-10-25,,258.0,0.0,0.0,0.0,0.0,0.0,0.0,0.0,457.7283820501365,535.5007580954954,562.368937025811,498.2968664823094,199.52082020045196
2019-10-26,,254.0,0.0,0.0,0.0,0.0,0.0,0.0,0.0,465.4730638153808,556.1802643688737,571.573120316942,514.7575649005319,205.31386869829345
2019-10-27,,249.0,0.0,0.0,0.0,0.0,0.0,0.0,0.0,473.1745390760226,579.045583559625,581.2683374810855,531.5059016576375,211.47747783729352
2019-10-28,,245.0,0.0,0.0,0.0,0.0,0.0,0.0,0.0,482.271960351253,597.3038452393989,591.453571453721,549.2150681070665,217.24656060002332
2019-10-29,,241.0,0.0,0.0,0.0,0.0,0.0,0.0,0.0,491.3460944925656,609.3062631129723,602.127364312483,567.1163409742793,222.31874604996682
2019-10-30,,238.0,0.0,0.0,0.0,0.0,0.0,0.0,0.0,500.1085119790739,626.7472109652289,613.2878166448779,585.0519602171654,228.135873478409
2019-10-31,,235.0,0.0,0.0,0.0,0.0,0.0,0.0,0.0,520.8199581669471,659.1440488417547,624.9325873971073,603.1583299240967,235.90437077036987
2019-11-01,,232.0,0.0,0.0,0.0,0.0,0.0,0.0,0.0,563.1426132235039,683.2246909990314,637.0588941998046,620.6272802630839,242.61385818274
2019-11-02,,229.0,0.0,0.0,0.0,0.0,0.0,0.0,0.0,588.8634498860417,695.0365865565295,649.6635141712543,638.1274841185678,247.85344810579397
2019-11-03,,225.0,0.0,0.0,0.0,0.0,0.0,0.0,0.0,600.824741953007,720.63752278953,662.7427852022614,655.2975081115268,254.83472701291475
2019-11-04,,221.0,0.0,0.0,0.0,0.0,0.0,0.0,0.0,612.4768787375946,747.103110619591,676.2926077183879,672.6954262401447,262.01139307226543
2019-11-05,,217.0,0.0,0.0,0.0,0.0,0.0,0.0,0.0,625.7560034453701,766.4211715031513,690.3084469171577,689.8199300032974,268.3186935529508
2019-11-06,,213.0,0.0,0.0,0.0,0.0,0.0,0.0,0.0,639.5013136356831,783.944364828254,704.7853354823468,706.6323616662061,274.4202577471009
2019-11-07,,209.0,0.0,0.0,0.0,0.0,0.0,0.0,0.0,652.5968771499448,802.2654318666731,719.7178767708784,723.3619419066932,280.6681563180306
2019-11-08,,206.0,0.0,0.0,0.0,0.0,0.0,0.0,0.0,666.6049253093482,824.4517919554334,735.1002484674766,739.2929808861745,287.3556276636356
2019-11-09,,202.0,0.0,0.0,0.0,0.0,0.0,0.0,0.0,678.6137855595654,838.984500666946,750.9262067068853,755.1870678294847,293.1372219004145
2019-11-10,,198.0,0.0,0.0,0.0,0.0,0.0,0.0,0.0,688.0982164773333,846.0900197024771,767.1890906587447,770.773863624034,298.00662174815693
2019-11-11,,195.0,0.0,0.0,0.0,0.0,0.0,0.0,0.0,700.5636872814181,855.0296585895817,783.8818275683116,786.6985223233255,303.20125106015234
2019-11-12,,191.0,0.0,0.0,0.0,0.0,0.0,0.0,0.0,714.272562931855,867.6167928994856,800.996938250429,802.5407309856312,308.89430776694326
2019-11-13,,188.0,0.0,0.0,0.0,0.0,0.0,0.0,0.0,727.6767008714544,883.6180620050568,818.5265430311484,818.3348467066509,315.059931467857
2019-11-14,,184.0,0.0,0.0,0.0,0.0,0.0,0.0,0.0,741.1109312199551,894.3652922977491,836.4623681286232,834.3734495352431,320.65013874520196
2019-11-15,,180.0,0.0,0.0,0.0,0.0,0.0,0.0,0.0,755.553746116725,922.1689277475966,854.7957524683035,849.9931417682785,328.36972774802234
2019-11-16,,177.0,0.0,2.5187814089451592,0.0,0.0,0.0,0.0,0.0,772.1268537773606,942.6917820412575,873.5176549259373,865.9956230758893,335.59048018150366
2019-11-17,,173.0,0.0,22.08660540574806,0.0,0.0,0.0,0.0,0.0,784.8254508575495,954.644119755513,892.618661988699,882.1376923571978,343.93588493839474
2019-11-18,,170.0,0.0,41.84881537065746,0.0,0.0,0.0,0.0,0.0,811.9256561294737,964.4700469627514,912.0889958272692,899.0782199483325,352.1857597636263
2019-11-19,,166.0,0.0,62.620998125672884,0.0,0.0,0.0,0.0,0.0,834.5604084804468,974.5691742821539,931.9185227712566,916.3970882574832,360.6882229295708
2019-11-20,,163.0,0.0,81.7331376386586,0.0,0.0,0.0,0.0,0.0,854.4917468974398,983.651713820424,952.0967621772277,934.1155790442915,368.94964908507524
2019-11-21,,178.0,0.0,103.40188347845421,0.0,0.0,0.0,0.0,0.0,910.6235557148798,998.41131852906,972.6128956801535,952.5005161645413,378.3658267315261
2019-11-22,,194.0,0.0,115.13922970092034,0.0,0.0,0.0,0.0,0.0,966.7632524616522,1015.9196684842032,993.4557768194335,970.8509754901361,386.9207063118366
2019-11-23,,206.0,0.0,131.44968975951605,0.0,0.0,0.0,0.0,0.0,1012.2534656922692,1042.553861319014,1014.6139410278497,989.920564300694,397.3172570508842
2019-11-24,,206.0,0.0,140.51127710650195,0.0,0.0,0.0,0.0,0.0,1038.3230324354854,1056.2437644095062,1036.0756159724938,1009.4088862969008,405.27994297317537
2019-11-25,,203.0,0.0,149.78196706701505,0.0,0.0,0.0,0.0,0.0,1058.1679384824467,1072.9114068609913,1057.828732237551,1029.9101944892334,413.8040375818489
2019-11-26,,200.0,0.0,160.21628526690048,0.0,0.0,0.0,0.0,0.0,1076.3374077835324,1096.7381705755176,1079.860934336458,1050.9341832025998,423.46869667268453
2019-11-27,,197.0,0.0,169.2767774928789,0.0,0.0,0.0,0.0,0.0,1091.591605172332,1123.8164882664357,1102.1595920410036,1072.428346409434,433.4601505262191
2019-11-28,,194.0,0.0,181.3041640178434,0.0,0.0,0.0,0.0,0.0,1110.1547054172322,1138.6560565413085,1124.711812015959,1094.5841574395845,442.4070237518369
2019-11-29,,191.0,0.0,183.9240874650161,0.0,0.0,0.0,0.0,0.0,1128.7597578114796,1151.6495363641702,1147.5044497460171,1116.6258267072965,449.96298753531244
2019-11-30,,188.0,0.0,191.74257231715723,0.0,0.0,0.0,0.0,0.0,1142.6238367810383,1179.5269274528487,1170.52412174138,1139.2345848833927,460.12852579934736
2019-12-01,,185.0,0.0,193.0255336155265,0.0,0.0,0.0,0.0,0.0,1156.756160828537,1236.5505370982676,1193.7572180093548,1162.0420544805752,473.17191790046553
2019-12-02,,181.0,0.0,195.3040332284136,0.0,0.0,6.074979112607934,0.0,0.0,1171.7153021360227,1270.395184997274,1217.1899147780737,1185.5806620394046,484.31809676947177
2019-12-03,,178.0,0.0,199.58994635097199,0.0,0.0,19.756319683852894,0.0,0.0,1188.4920192838108,1297.4889325668648,1240.8081874576735,1209.3059965419936,495.8686728251696
2019-12-04,,175.0,0.0,203.3868048606471,0.0,0.0,33.28536693933154,0.0,0.0,1207.7735637557505,1324.088417930726,1264.5978238252114,1233.1205013113174,507.3098643584042
2019-12-05,,172.0,0.0,211.05962656453005,0.0,0.0,37.50208085771072,0.0,0.0,1236.8403206727253,1342.468305469725,1288.5444374188066,1257.1807211924204,517.0943964378991
2019-12-06,,169.0,0.0,210.24163968702067,0.0,0.0,39.42601140995407,0.0,0.0,1265.1433709835323,1358.4447356636176,1312.6334811255954,1280.686835959458,525.1790879807057
2019-12-07,,166.0,0.0,215.5300153690559,0.0,0.0,37.445053617188705,5.627494316056584,0.0,1276.8665669847123,1371.0372245595972,1336.8502609488255,1304.3074098759203,533.8496823358305
2019-12-08,,163.0,0.0,215.16593500666968,0.0,0.0,38.69666621553239,15.145595606313691,0.0,1292.9531201567706,1386.9943829328718,1361.179949939046,1327.672911481183,543.1069301477021
2019-12-09,,160.0,0.0,216.64067503457136,0.0,0.0,33.61076886283843,24.419239855603337,0.0,1312.3559395058292,1397.4181883528054,1385.60760227343,1351.3259556727633,551.1278037565015
2019-12-10,,157.0,0.0,220.91235139783677,0.0,0.0,28.643822862087347,33.44350654664299,0.018662268259163284,1337.0396059919174,1407.9342402547252,1410.1181674677969,1374.743182297454,559.4767416368503
2019-12-11,,154.0,0.0,225.418065761807,0.0,0.0,28.590010814221728,42.213701697853196,7.3618362194616225,1361.734458003641,1423.2311798685753,1434.6965047058457,1397.8581754878915,569.921184319457
2019-12-12,,151.0,0.0,234.44523432585436,5.236671270642319,0.0,30.271225517829066,50.725361666068466,14.334731373615114,1387.043689935603,1440.1372155156214,1459.3273972692775,1420.8676703708554,581.9181884137205
2019-12-13,,148.0,0.0,235.5399774263835,13.466510318383087,0.0,45.49442112839307,58.97425669712783,20.153799916835453,1411.8061356173519,1471.1824455666217,1483.9955670528175,1443.0198100185826,596.4783485156431
2019-12-14,,145.0,0.0,243.2046491977026,21.429503023974007,0.0,55.1815598791008,66.95639422087532,25.588392602659837,1435.3965344524067,1497.1051058874218,1508.6856891483108,1465.037420650556,610.3985893263251
2019-12-15,,141.0,0.0,245.5797989469693,29.121886492001295,4.464451856719791,56.99924549045505,74.66802188704605,30.31151995716567,1459.5526298549157,1514.555773107046,1533.3824064813928,1486.6099022842102,621.4035693307858
2019-12-16,,138.0,0.0,250.05221069606617,36.54014090832061,12.165555458552888,60.59513741479367,82.10563033883744,34.93963141952332,1484.3729735332467,1533.906650535801,1558.0703444843878,1508.3417338357851,633.0689349541893
2019-12-17,,135.0,0.0,257.4736266852425,43.68099205989762,19.418594206072612,52.407311421567556,89.26595572157561,39.19081046390795,1508.8963267467764,1542.9098339460134,1582.7341257894172,1529.9230839932031,642.1982175101032
2019-12-18,,133.0,0.0,265.1748608159123,50.54141358705823,26.192783203499005,55.43288091309597,96.14598192392435,43.00312000972889,1533.2730656211156,1563.4577552257063,1607.3583849251859,1551.3185275363162,654.0541156171159
2019-12-19,,130.0,0.0,277.3390478481199,57.118628965964206,32.88698364657478,57.576791947243464,102.74294254934176,47.12760025852697,1557.7091757081666,1583.6501582524888,1631.9277830009742,1573.230816271262,666.3392211367402
2019-12-20,,128.0,0.0,281.41187312052625,63.4101132194383,38.69543450913898,62.1255331294455,109.05432261607388,51.19259733677342,1581.4063933699372,1606.5376762884257,1656.4270223617493,1595.3271804040037,678.1857898095545
2019-12-21,,126.0,0.0,291.800830840167,69.41359435458008,42.705516680696235,66.41926130448041,115.07785998412902,55.45611249236612,1603.725036077691,1629.5517004211163,1680.8408611980103,1617.8077633619705,690.7959979946024
2019-12-22,,124.0,0.0,296.55877408187536,75.12705452592894,48.21825570929542,68.94377145681057,120.81154650787795,59.97129886405406,1627.897713136087,1650.844334075369,1705.1541280939525,1640.7586530671615,702.2711950841287
2019-12-23,,122.0,0.0,302.9933775855131,80.54873092324999,60.032155286560965,73.96398732837224,126.25362891346862,64.5192721162311,1658.7319797252771,1674.6774736254793,1729.351736497972,1663.9169322350479,714.5281424031667
2019-12-24,,120.0,0.0,311.8870973124693,85.67711638333412,68.44385074967335,79.29269245379243,131.40260940049205,69.30129354816654,1686.1693391898111,1698.828212666791,1753.41869909941,1687.5017298277699,727.1636813365282
2019-12-25,,116.0,0.0,320.51231474117446,90.51095972552758,74.88496374780743,83.459464670101,136.2572459675104,73.88341224954769,1711.825781618767,1721.6915433493932,1777.3401420953855,1711.0678569963432,739.3403674743728
2019-12-26,,114.0,0.0,333.00539778789727,95.04926581102131,81.20946376120611,87.55824430701085,140.8165524615486,78.70501275770619,1737.4095888313236,1744.94879473302,1801.1013193320098,1735.0362765465632,752.0276079670972
2019-12-27,,112.0,0.0,336.7775134130799,99.29129532625228,86.92074427884239,91.24534054622762,145.07979835197483,83.45153863200505,1762.6262881905102,1767.6099232923614,1824.687626304308,1759.0995879798231,763.405327980754
2019-12-28,,110.0,0.0,346.21423454957966,103.23656429108746,92.30134122565238,97.64186337130769,149.0465082293403,88.20256387802777,1787.5571609845213,1793.0449329996588,1848.0846139991586,1783.3025156864915,776.0967246255815
2019-12-29,,108.0,0.0,349.35920338084935,106.88484329277884,97.18707708928883,104.54708015489797,152.71646103022164,93.03328762119617,1812.1414218450982,1819.6786334931126,1871.2780025659708,1807.7192069577422,788.1520898120963
2019-12-30,,106.0,0.0,353.52347516853854,110.2361564469926,102.24968438839113,110.815244721905,156.08968898943107,97.68771552903769,1836.9453039259795,1845.616180694301,1894.2536948000147,1832.055033261277,800.0346487014372
2019-12-31,,104.0,0.0,359.5051337814461,113.29078008753544,106.70316609891921,115.35785534921132,159.1664763211606,102.36540802602582,1861.2474296302842,1869.8957613974094,1916.9977894233305,1856.4899288606243,811.6336416558429
