,POONDI,py_snaive,py_hw,prophet,Auto_Arima_no_rain_d1,Arima_with_rain_d_1_sniave,Arima_with_rain_d_1_hw,Arima_with_rain_d_1_AR,Arima_with_rain_d_1_Prophet,Arima_with_rain_d_0_sniave,Arima_with_rain_d_0_hw,Arima_with_rain_d_0AR,Arima_with_rain_d_0_Prophet,ensemble
2019-01-01,,1012.0,228.47768000173045,1076.1995914493996,304.0297111489347,304.7549813210958,304.7549813210958,326.1308487143705,304.7549813210958,337.47406383455694,337.47406383455694,361.69973598729695,337.47406383455694,419.0647472014134
2019-01-02,,1012.0,173.20093026088256,1080.4333099809567,303.4239038108486,304.3412125407939,304.3412125407939,325.9113879134932,304.3412125407939,358.69817869481375,358.69817869481375,383.12482032931126,358.69817869481375,427.3715255632281
2019-01-03,,1012.0,246.12068318309542,1088.4208809158342,302.993991482316,304.10639140770945,304.10639140770945,325.9997845073988,304.10639140770945,384.5060726409854,384.5060726409854,409.26674059773666,384.5060726409854,437.98829070008446
2019-01-04,,1014.0,260.8452813072087,1091.235805429423,302.6838600401621,304.00389685638044,304.00389685638044,326.2508200156146,304.00389685638044,408.27570346536436,408.27570346536436,433.40731464604903,408.27570346536436,447.2671250968423
2019-01-05,,1018.0,250.87186365661154,1098.5052610373607,302.44453316352116,303.9919064311202,303.9919064311202,326.6121461884306,303.9919064311202,432.31618490852424,432.31618490852424,457.84149256644804,432.31618490852424,457.2524519543811
2019-01-06,,1024.0,158.55993758246967,1097.6931380933513,302.23331783935606,304.03293674831417,304.03293674831417,327.008944766292,304.03293674831417,455.80354093250526,455.80354093250526,481.71212356214266,455.80354093250526,466.04005995284757
2019-01-07,,1032.0,165.3331209826435,1097.089621398662,302.0130539909488,304.0934291976425,304.0934291976425,327.32411797817844,304.0934291976425,479.013319468945,479.013319468945,505.20956221737237,479.013319468945,474.73123161479214
2019-01-08,,1042.0,172.8292845196092,1101.8108214493102,301.7514554726289,304.1433763844414,304.1433763844414,327.5461912614813,304.1433763844414,501.83564002200137,501.83564002200137,528.2402476384412,501.83564002200137,483.9133435793434
2019-01-09,,1055.0,186.48431546485807,1102.4966405950302,301.4205312355875,304.15598526167423,304.15598526167423,327.64014655102847,304.15598526167423,524.2961833124938,524.2961833124938,550.8180836017082,524.2961833124938,492.40996739146124
2019-01-10,,1070.0,202.71030478653478,1106.6587001753057,300.99607684012784,304.1073733020276,304.1073733020276,327.57918440090003,304.1073733020276,546.3734188768848,546.3734188768848,572.9171320062038,546.3734188768848,501.1390847225453
2019-01-11,,1084.0,225.1883961005264,1105.3698179293954,300.4572276925159,303.9762944228386,303.9762944228386,327.3178068983889,303.9762944228386,568.0627391434095,568.0627391434095,594.5059121066149,568.0627391434095,508.96610396992645
2019-01-12,,1096.0,254.36640491386487,1108.2646441581694,299.7860664402401,303.74389170286906,303.74389170286906,326.8687394723163,303.74389170286906,589.3539688500103,589.3539688500103,615.6027471797003,589.3539688500103,517.0897397945231
2019-01-13,,1108.0,289.4024317309931,1102.822954596095,298.9672778859669,303.39347422391876,303.39347422391876,326.1992342656161,303.39347422391876,610.2392653586437,610.2392653586437,636.1821020139537,610.2392653586437,523.9296309908445
2019-01-14,,1124.0,332.94743103343257,1097.3592577931922,297.98784559360513,302.91031563511206,302.91031563511206,325.3061417585858,302.91031563511206,630.7103562933044,630.7103562933044,656.2406630237954,630.7103562933044,530.5169065032514
2019-01-15,,1140.0,380.0804270339631,1097.022214880028,296.83678507351954,302.28147227629756,302.28147227629756,324.1822716198998,302.28147227629756,650.7595176660016,650.7595176660016,675.77491436483,650.7595176660016,537.4872707278594
2019-01-16,,1152.0,670.661571474852,1092.4920570054185,295.504909060263,301.49561891196095,301.49561891196095,322.79106994263134,301.49561891196095,670.3792392966375,670.3792392966375,694.7465133396718,670.3792392966375,543.6605332206477
2019-01-17,,1161.0,368.1709503455683,1091.3278332802997,293.9846209458786,300.5429003207167,300.5429003207167,321.1815172274742,300.5429003207167,689.562350372864,689.562350372864,713.208854949341,689.562350372864,549.9891659737693
2019-01-18,,1172.0,414.05777488426355,1084.655991932477,292.2697329142609,299.41479715991636,299.41479715991636,319.2663296165331,299.41479715991636,708.3019831587369,708.3019831587369,731.0714569807645,708.3019831587369,555.3371340101678
2019-01-19,,1180.0,465.9606259607114,1082.1699228949722,290.35530574547465,298.1040046821065,298.1040046821065,317.12211616059346,298.1040046821065,726.5915930625804,726.5915930625804,748.4249421570837,726.5915930625804,560.9329353059373
2019-01-20,,1191.0,511.7350025845114,1071.411985382941,288.2375076305383,296.604323021679,296.604323021679,314.7502521127422,296.604323021679,744.4249584998877,744.4249584998877,765.2734499980793,744.4249584998877,565.2164697709293
2019-01-21,,1204.0,549.2413618179751,1060.7617090497665,285.9134896633129,294.91055789764556,294.91055789764556,312.16323840300487,294.91055789764556,761.7961874058429,761.7961874058429,781.6328356185471,761.7961874058429,569.2355954177011
2019-01-22,,1215.0,586.4580797440215,1055.4337017714834,283.38127596238286,293.01843069341425,293.01843069341425,309.37120222707784,293.01843069341425,778.6997209692698,778.6997209692698,797.5149347248315,778.6997209692698,573.642177251393
2019-01-23,,1229.0,619.9739155588161,1046.173487971739,280.63966662703115,290.92449697799947,290.92449697799947,306.37944313968904,290.92449697799947,795.1303378897074,795.1303378897074,812.9250953730373,795.1303378897074,577.2784203558638
2019-01-24,,1237.0,652.268100794043,1040.6031513456153,277.6881519518851,288.6260726263998,288.6260726263998,303.190951261248,288.6260726263998,811.0831579936923,811.0831579936923,827.8652980214888,811.0831579936923,581.0957517275527
2019-01-25,,1255.0,687.0082435485499,1029.9083269967996,274.52683651832854,286.1211667809274,286.1211667809274,299.8076296316142,286.1211667809274,826.5536456135546,826.5536456135546,842.3357017872422,826.5536456135546,583.9910149653685
2019-01-26,,1273.0,721.7056311868398,1023.8362136443059,271.15637195059065,283.4084209710028,283.4084209710028,296.23082055339455,283.4084209710028,841.537612582712,841.537612582712,856.3353633980059,841.537612582712,587.1813545817158
2019-01-27,,1292.0,753.965213921744,1009.976170838035,267.5778972734857,280.4870537771506,280.4870537771506,292.4616530331129,280.4870537771506,856.0312208947036,856.0312208947036,869.8627309452246,856.0312208947036,589.1143751791958
2019-01-28,,1310.0,785.4872678542861,996.7466289604988,263.7929859395777,277.3568104863966,277.3568104863966,288.5012671313873,277.3568104863966,870.030985005931,870.030985005931,882.915979997394,870.030985005931,590.8415566266891
2019-01-29,,1329.0,813.6918016440261,989.3918809584586,259.80359870836304,274.0179172416402,274.0179172416402,284.3509440024911,274.0179172416402,883.5337737862192,883.5337737862192,895.4932292982403,883.5337737862192,593.0178793779089
2019-01-30,,1348.0,841.9496548952907,978.6770113095238,255.61204166080825,270.47103923745846,270.47103923745846,280.0121767250236,270.47103923745846,896.5368121133688,896.5368121133688,907.5926793106535,896.5368121133688,594.4887014634579
2019-01-31,,1367.0,869.9779785483986,972.232862481808,251.22092872101672,266.7172425597475,266.7172425597475,275.4867048774144,266.7172425597475,909.0376821112137,909.0376821112137,919.2127018994244,909.0376821112137,596.2078809151983
2019-02-01,,1387.0,897.4673007588856,961.2426043515482,246.63314813439524,262.75795930708233,262.75795930708233,270.776526590845,262.75795930708233,921.0343240300565,921.0343240300565,930.3518982817764,921.0343240300565,597.0735930041053
2019-02-02,,1406.0,924.017160634439,955.4395911458735,241.8518324197995,258.59495566816344,258.59495566816344,265.88389683891995,258.59495566816344,932.5250367691349,932.5250367691349,941.0091362945404,932.5250367691349,598.3030551967163
2019-02-03,,1426.0,952.4754300249251,942.3880778067153,236.88033137290012,254.2303026625604,254.2303026625604,260.8113176002384,254.2303026625604,943.5084780410368,943.5084780410368,951.1835741850477,943.5084780410368,598.342607796512
2019-02-04,,1446.0,980.0025801299169,930.4705233327993,231.72218775046719,249.6663492815735,249.6663492815735,255.56152346232352,249.6663492815735,953.9836641784456,953.9836641784456,960.8746755833776,953.9836641784456,598.2411171311257
2019-02-05,,1467.0,1012.9642276835514,924.8850426190925,226.3811153112851,244.9056977926832,244.9056977926832,250.13746490233962,244.9056977926832,963.9499695839655,963.9499695839655,970.0822186614977,963.9499695839655,598.649647030939
2019-02-06,,1487.0,1041.3121883817869,916.3412478414161,220.86097892980717,239.95118099508488,239.95118099508488,244.54229062912032,239.95118099508488,973.407125824209,973.407125824209,978.8063014217995,973.407125824209,598.4084290575913
2019-02-07,,1518.0,1070.038180100857,912.4063585184972,215.16577653408984,234.80584123542536,234.80584123542536,238.7793298276667,234.80584123542536,982.3552203697056,982.3552203697056,987.0473443710803,982.3552203697056,598.4651165576995
2019-02-08,,1540.0,1099.7680091313666,904.1931184693119,209.29962265064165,230.74398658160726,229.47291101234794,232.85207480153076,229.47291101234794,992.1093471095298,990.794694982606,994.8060913924933,990.794694982606,597.7107649129857
2019-02-09,,1561.0,1132.8092894197478,901.3591715794253,203.26673336610253,225.90640935801343,223.95579501599343,226.78479913483454,223.95579501599343,1000.7420498518642,998.7263437545447,1002.1049516151278,998.7263437545447,597.3599916545708
2019-02-10,,1582.0,1165.2445852386422,891.3894310754744,197.07141253959753,220.12307989664544,218.2580534644087,220.59586623615246,218.2580534644087,1008.1151303648825,1006.1513107974234,1008.9603790392451,1006.1513107974234,595.8544771767667
2019-02-11,,1604.0,1194.7369825421042,882.585129112161,190.71803912060597,214.27733831891265,212.3833866130372,214.2881828443057,212.3833866130372,1015.0753496258448,1013.0710875902602,1015.3736598161498,1013.0710875902602,594.2342449124772
2019-02-12,,1626.0,1222.0365551791494,880.0630649642,184.21105544559555,208.27943235351648,206.3356203262818,207.8636725339946,206.3356203262818,1021.5868919742038,1019.4875099856467,1021.3449611455326,1019.4875099856467,593.1411268391475
2019-02-13,,1637.0,1248.0575263901403,874.4532483221534,177.5549564028226,201.7266299697642,200.11869261165702,201.32510831444085,200.11869261165702,1027.2055700058968,1025.4027548797267,1026.8759713592328,1025.4027548797267,591.4065224226771
2019-02-14,,1648.0,1273.6906508461825,873.2467721341081,170.7542793688546,195.26981923698918,193.73664102743476,194.66910367112268,193.73664102743476,1032.5755585007857,1030.819336549997,1031.9624383622138,1030.819336549997,589.9680685863952
2019-02-15,,1671.0,1303.0579058804765,867.4854095680527,163.81359483278726,188.68572499118562,187.19359088402467,187.89543964222315,187.19359088402467,1037.4684042401782,1035.7401026655943,1036.6032694901853,1035.7401026655943,587.7081375790608
2019-02-16,,1693.0,1336.3580475286003,866.7625455642901,156.7374976350073,181.9268859844791,181.72390546120187,181.00563024266785,180.49374416774072,1041.8538503732864,1041.4405651533002,1040.7990329204035,1040.168229975109,586.141393889965
2019-02-17,,1712.0,1367.9582577616668,858.506939524578,149.53059875688552,174.8355994254137,175.5291957166932,174.00113174153938,173.64136912317173,1045.5654164766856,1046.0580428068656,1044.5504709866389,1044.1072196773164,583.2406210417112
2019-02-18,,1739.0,1397.3166650815128,850.9729720785375,142.1975176061357,167.807562278911,168.44578408483693,166.8805208641583,166.6407904371685,1048.9927266297107,1049.4614992404413,1047.8556221736276,1047.5608924805792,580.0019498706856
2019-02-19,,1763.0,1426.5036366591726,849.2408655240118,134.7428747498904,160.51116559268007,161.32936782781132,159.6454080333757,159.49637997358764,1051.8129418929589,1052.4731307943528,1050.7156220190545,1050.5333833570178,577.2721290348877
2019-02-20,,1791.0,1455.1732514891935,843.915051645411,127.17128505394402,153.11246978686216,154.09379124986089,152.29628420815737,152.21254801342462,1054.1582916328216,1055.060941600141,1053.1306897002878,1053.0291359978844,573.8637159336389
2019-02-21,,1821.0,1484.3629036324971,842.4725050314155,119.48735119221516,145.5827618355416,146.34991489766782,144.83394861174662,144.79373495991143,1056.0352597141593,1056.7976818198579,1055.1010461876708,1055.0528969769132,570.6111349596748
2019-02-22,,1850.0,1513.513044204496,835.9525270099841,111.69565749538219,137.7172160748845,138.72823066193632,137.25956335308047,137.244403472597,1057.2115917325805,1058.3094010702494,1056.6274440470663,1056.6097096287356,566.553367092379
2019-02-23,,1874.0,1540.5451012799886,833.9575882844069,103.80076411191465,130.09280322251794,131.01313524183394,129.57111324632086,129.56903099840787,1058.3099824859596,1059.377577435826,1057.707313114898,1057.7049076497801,562.8376787604236
2019-02-24,,1899.0,1566.8652685614516,823.9367315131643,95.80720145847255,121.77210267126873,123.1591135096719,121.77210267126873,121.77210267126873,1058.3441084293588,1059.97547089077,1058.3441084293588,1058.3441084293588,557.8888674466668
2019-02-25,,1924.0,1592.4913680369148,814.1751983722129,87.71946493989878,113.85810455506669,115.01389413109678,113.85810455506669,113.85810455506669,1058.5332061189697,1059.9444654525735,1058.5332061189697,1058.5332061189697,552.7044555304818
2019-02-26,,1950.0,1618.052194894584,809.793788830906,79.54200992187089,105.831517207621,106.96073217542062,105.831517207621,105.831517207621,1058.2783644481046,1059.664109711027,1058.2783644481046,1058.2783644481046,548.0225504938345
2019-02-27,,1968.0,1641.614322099776,801.4461504790739,71.27924694175033,97.69680954589046,98.67893053063722,97.69680954589046,97.69680954589046,1057.5860092951543,1058.8243804995902,1057.5860092951543,1057.5860092951543,542.5992932666427
2019-02-28,,1993.0,1667.3750842243978,796.665845458432,62.93553714532209,89.45843299495931,90.32938745242785,89.45843299495931,89.45843299495931,1056.4628210222518,1057.5556306002086,1056.4628210222518,1056.4628210222518,537.4161135863516
2019-03-01,,2011.0,1692.867300361977,786.554714016478,54.515187938973156,81.1208159053993,81.88444502814804,81.1208159053993,81.1208159053993,1054.9157265831645,1055.8664683366253,1054.9157265831645,1054.9157265831645,531.361737537169
2019-03-02,,2021.0,1720.7919232728418,780.7821801834276,46.02244884847943,72.6883582254452,73.14595160263025,72.6883582254452,72.6883582254452,1052.9518914135872,1053.5343997122939,1052.9518914135872,1052.9518914135872,525.5956849531119
2019-03-03,,2031.0,1750.209885220046,766.8670407189677,37.461507576962674,64.16542641606037,64.67233909086355,64.16542641606037,64.16542641606037,1050.5787111134255,1051.1643093745492,1050.5787111134255,1050.5787111134255,518.7066839775393
2019-03-04,,2041.0,1779.6895621166386,753.1654431665448,28.836486255777004,55.556348598428315,55.556348598428315,55.556348598428315,55.556348598428315,1047.803802930883,1047.803802930883,1047.803802930883,1047.803802930883,511.51029800128197
2019-03-05,,2051.0,1809.2713953592784,744.8686023271443,20.15143788312571,46.86540992471106,46.86540992471106,46.86540992471106,46.86540992471106,1044.6349970583813,1044.6349970583813,1044.6349970583813,1044.6349970583813,504.9401576449434
2019-03-06,,2057.0,1841.8134109783105,732.6984937418484,11.410342946074877,38.096848164053085,38.096848164053085,38.096848164053085,38.096848164053085,1041.0803277505338,1041.0803277505338,1041.0803277505338,1041.0803277505338,497.7050455539605
2019-03-07,,2059.0,1869.8750043493428,724.2534105879188,2.6171062223974673,29.254849496847612,29.254849496847612,29.254849496847612,29.254849496847612,1037.1480242745956,1037.1480242745956,1037.1480242745956,1037.1480242745956,490.75989226558073
2019-03-08,,2059.0,1896.603995956581,710.6949389471059,0.0,20.34354451116218,20.34354451116218,20.34354451116218,20.34354451116218,1032.846501703981,1032.846501703981,1032.846501703981,1032.846501703981,483.78313469906686
2019-03-09,,2057.0,1923.6004715293004,701.746029067714,0.0,11.367004396032314,11.367004396032314,11.367004396032314,11.367004396032314,1028.1843515656028,1028.1843515656028,1028.1843515656028,1028.1843515656028,477.55001211907745
2019-03-10,,2054.0,1951.0099238764,684.9717312661403,0.0,2.3292373270124926,2.3292373270124926,2.3292373270124926,2.3292373270124926,1023.1703323519409,1023.1703323519409,1023.1703323519409,1023.1703323519409,470.18380503787506
2019-03-11,,2039.0,1976.0773076802889,668.7663245286233,0.0,0.0,0.0,0.0,0.0,1017.8133599088939,1017.8133599088939,1017.8133599088939,1017.8133599088939,465.2758005319131
2019-03-12,,2018.0,2004.7417602570285,658.350403567317,0.0,0.0,0.0,0.0,0.0,1012.1224977105734,1012.1224977105734,1012.1224977105734,1012.1224977105734,461.83973708737966
2019-03-13,,1997.0,2033.4923955276777,644.4661732446839,0.0,0.0,0.0,0.0,0.0,1006.1069470323358,1006.1069470323358,1006.1069470323358,1006.1069470323358,457.84837679271146
2019-03-14,,1980.0,2066.341746659187,634.7228408183302,0.0,0.0,0.0,0.0,0.0,999.7760370334291,999.7760370334291,999.7760370334291,999.7760370334291,454.2563689898272
2019-03-15,,1965.0,2097.0900712425505,620.283658746678,0.0,0.0,0.0,0.0,0.0,993.1392147607246,993.1392147607246,993.1392147607246,993.1392147607246,449.96266287860647
2019-03-16,,1943.0,2125.7194187923583,610.8642873844137,0.0,0.0,0.0,0.0,0.0,986.2060350850697,986.2060350850697,986.2060350850697,986.2060350850697,446.18529907995287
2019-03-17,,1921.0,2153.398323780296,594.0140321970824,0.0,0.0,0.0,0.0,0.0,982.2727808991813,978.9861505818718,978.9861505818718,978.9861505818718,441.3715604928372
2019-03-18,,1899.0,2178.654974735993,578.1036643244331,0.0,0.0,0.0,0.0,0.0,977.8432187377634,971.489301367541,971.489301367541,971.489301367541,436.57144605338203
2019-03-19,,1882.0,2206.322673251505,568.3233664426737,0.0,0.0,0.0,0.0,0.0,970.6505599194462,963.7253049034794,963.7474140987478,963.7253049034794,432.4401737935475
2019-03-20,,1869.0,2235.2410398899033,555.3790252235526,0.0,0.0,0.0,0.0,0.0,962.678520435723,955.7040457793028,955.7834295692633,955.7040457793028,427.8213182939277
2019-03-21,,1857.0,2263.2011979892527,546.8387302624499,0.0,0.0,0.0,0.0,0.0,954.6881824939676,947.4354654869903,947.6078223307334,947.4354654869903,423.6646854458955
2019-03-22,,1845.0,2291.9744216978347,533.820999596018,0.0,0.0,0.0,0.0,0.0,945.5359720016319,938.9295521976494,939.2322936079481,938.9295521976494,418.86404969990815
2019-03-23,,1833.0,2317.528120691289,525.9943674285064,0.0,0.0,0.0,0.0,0.0,936.3897005556981,930.1963305525558,930.6695036426263,930.1963305525558,414.6320665220305
2019-03-24,,1820.0,2346.2580658414313,510.85985487227885,0.0,0.0,0.0,0.0,0.0,927.3228273673424,921.2458514800937,921.9255709247063,921.2458514800937,409.4096410946466
2019-03-25,,1809.0,2376.9011501449463,496.73999953853377,0.0,0.0,0.0,0.0,0.0,918.0305346201952,912.0881820501676,913.0104522508975,912.0881820501676,404.2408519862208
2019-03-26,,1790.0,2405.183636831489,488.77795467761416,0.0,0.0,0.0,0.0,0.0,908.0645077741958,902.7333953775951,903.9344402300515,902.7333953775951,399.772398207857
2019-03-27,,1774.0,2433.8117411507524,477.63485049058073,0.0,0.0,0.0,0.0,0.0,898.2293427581069,893.191560585909,894.7075153052208,893.191560585909,394.8406858709524
2019-03-28,,1739.0,2459.1275737018427,470.83725213065566,0.0,0.0,0.0,0.0,0.0,888.1034633318918,883.4727328429074,885.3364565926464,883.4727328429074,390.38989680113957
2019-03-29,,1705.0,2486.216644028133,459.4662131115052,0.0,0.0,0.0,0.0,0.0,877.6893911024694,873.586943479185,875.8311491851052,873.586943479185,385.3089061568726
2019-03-30,,1675.0,2516.1236517058487,453.15754279161723,0.0,0.0,0.0,0.0,0.0,867.1292526788145,863.5441902007619,866.1993457445212,863.5441902007619,380.8056586172078
2019-03-31,,1644.0,2545.406830713682,439.3847966016982,0.0,0.0,0.0,0.0,0.0,855.8414954036482,853.3544274067899,856.4486092527973,853.3544274067899,375.3177825835094
2019-04-01,,1611.0,2572.9756486927376,426.4486577353151,0.0,0.0,0.0,0.0,0.0,845.1421258174748,843.0275566231815,846.5863868209224,843.0275566231815,369.88626972532506
2019-04-02,,1580.0,2598.75226207883,419.47621896382304,0.0,0.0,0.0,0.0,0.0,833.1784918990222,832.5734170628427,836.6160168481395,832.5734170628427,365.15488374220604
2019-04-03,,1549.0,2625.1368146569516,409.11836014346704,0.0,0.0,0.0,0.0,0.0,822.0017763230239,822.0017763230239,826.5468803275107,822.0017763230239,359.95859913962823
2019-04-04,,1518.0,2651.7380538738817,402.8970636199832,0.0,0.0,0.0,0.0,0.0,811.3223212301218,811.3223212301218,816.3781791119634,811.3223212301218,355.23998564902377
2019-04-05,,1487.0,2680.14452694716,391.8941783000388,0.0,0.0,0.0,0.0,0.0,800.5446488420762,800.5446488420762,806.1186014106347,800.5446488420762,349.8877596743532
2019-04-06,,1446.0,2706.6985529782764,385.75126697557437,0.0,0.0,0.0,0.0,0.0,789.678257618291,789.678257618291,795.776968348018,789.678257618291,345.1105938200218
2019-04-07,,1406.0,2734.7204276051157,371.95206474614747,0.0,0.0,0.0,0.0,0.0,778.7325387668006,778.7325387668006,785.3619964655541,778.7325387668006,339.3473923431628
2019-04-08,,1365.0,2762.1147174439366,358.81123901030406,0.0,0.0,0.0,0.0,0.0,767.7167677781742,767.7167677781742,774.8822900707698,767.7167677781742,333.6408830796778
2019-04-09,,1325.0,2790.5304197641076,351.4729832610281,0.0,0.0,0.0,0.0,0.0,756.6400961554033,756.6400961554033,764.3463337751416,756.6400961554033,328.63743866837206
2019-04-10,,1284.0,2818.198028163084,340.60766486290237,0.0,0.0,0.0,0.0,0.0,745.5115433487791,745.5115433487791,753.7624852287174,745.5115433487791,323.17415459864725
2019-04-11,,1244.0,2845.9043764959674,333.758393861858,0.0,0.0,0.0,0.0,0.0,734.3399889045004,734.3399889045004,743.1389680592979,734.3399889045004,318.19716746626955
2019-04-12,,1204.0,2871.922334103278,322.0290478916759,0.0,0.0,0.0,0.0,0.0,723.1341648354788,723.1341648354788,732.4838650236965,723.1341648354788,312.59765532329124
2019-04-13,,1163.0,2899.4083756501145,315.08341075555757,0.0,0.0,0.0,0.0,0.0,711.9026482225386,714.185234261254,721.8051113783558,711.9026482225386,307.87205057721326
2019-04-14,,1126.0,2929.942582028314,300.4269735274634,0.0,0.0,0.0,0.0,0.0,700.6538540539079,704.1536563983204,711.1104884763012,700.6538540539079,302.04312155699915
2019-04-15,,1090.0,2959.5221358579747,286.39510703896326,0.0,0.0,0.0,0.0,0.0,689.3960283106068,692.8057418275405,700.4076175971405,689.3960283106068,296.12556184678135
2019-04-16,,1055.0,2990.721513555133,278.15115326354794,0.0,0.0,0.0,0.0,0.0,678.137241305025,681.6171737119785,689.7039540165266,678.137241305025,290.95119028713475
2019-04-17,,1018.0,3022.7414744508537,266.3826675325338,0.0,0.0,0.0,0.0,0.0,666.8853812796717,670.5304672449026,679.0067813211954,666.8853812796717,285.3506621722879
2019-04-18,,983.0,3053.927372476774,258.64768659316974,0.0,0.0,0.0,0.0,0.0,655.6481482727525,658.7783152219437,668.3232059753926,655.6481482727525,280.1746695079073
2019-04-19,,948.0,3082.6491109548037,246.0625615839719,0.0,0.0,0.0,0.0,0.0,644.433048256896,647.482317051019,657.6601521441877,644.433048256896,274.4547598795093
2019-04-20,,900.0,3100.807009036925,238.30101355585936,0.0,0.0,0.0,0.0,0.0,633.2473875570192,636.248179145944,647.0243567788528,633.2473875570192,269.3526171297094
2019-04-21,,852.0,3127.286963923363,222.87595658204026,0.0,0.0,0.0,0.0,0.0,622.0982675529699,625.0249532583791,636.4223649691661,622.0982675529699,263.30269279531944
2019-04-22,,804.0,3154.9945538702427,208.1277899146015,0.0,0.0,0.0,0.0,0.0,610.9925796722366,613.5243974723783,625.8605255671632,610.9925796722366,257.31316157829747
2019-04-23,,756.0,3188.5205062043865,199.2226960347338,0.0,0.0,0.0,0.0,0.0,599.937000677654,602.4230458995264,615.3449870865285,599.937000677654,252.11596621230535
2019-04-24,,708.0,3208.0141288954715,186.84916307004386,0.0,0.0,0.0,0.0,0.0,588.9379882546752,592.822291582339,604.8816938814791,588.9379882546752,246.68639209856715
2019-04-25,,662.0,3232.353438438205,178.56459087303887,0.0,0.0,0.0,0.0,0.0,578.0017769024071,582.511568279102,594.4763826086493,578.0017769024071,241.69428983289964
2019-04-26,,616.0,3259.4997339236575,165.48350247585574,0.0,0.0,0.0,0.0,0.0,567.1343741322371,571.3236727316961,584.1345789751349,567.1343741322371,236.00951603936548
2019-04-27,,570.0,3283.611155073513,157.27700020044776,0.0,0.0,0.0,0.0,0.0,556.3415569774982,559.9213877702393,573.8615947755118,556.3415569774982,230.92519246546212
2019-04-28,,524.0,3310.3361772015046,141.45499280950972,0.0,0.0,0.0,0.0,0.0,545.6288688172407,549.3345418670227,563.6625252202739,545.6288688172407,225.01011608925586
2019-04-29,,478.0,3338.89235788012,126.35487687060508,0.0,0.0,0.0,0.0,0.0,535.001616516794,537.2816485447348,553.5422465578047,535.001616516794,219.02254856124233
2019-04-30,,432.0,3368.121188078187,117.14019192765754,0.0,0.0,0.0,0.0,0.0,524.464867887415,526.6859732230897,543.5054139916073,524.464867887415,213.9745558787212
2019-05-01,,396.0,3397.61564286493,104.4974523478714,0.0,0.0,0.0,0.0,0.0,514.0234494669278,516.4494342969878,533.556459894183,514.0234494669278,208.56584950074625
2019-05-02,,362.0,3426.2235941592385,95.98300173569982,0.0,0.0,0.0,0.0,0.0,503.68194462286914,507.45366623493555,523.6995923185708,503.68194462286914,203.85227561400944
2019-05-03,,329.0,3454.15845628973,82.71140089830794,0.0,0.0,0.0,0.0,0.0,493.44469197926514,497.5974223507409,513.9387938082053,493.44469197926514,198.4615386295649
2019-05-04,,297.0,3482.4335550754918,74.3549809597639,0.0,0.0,0.0,0.0,0.0,483.31578416776154,487.9070032524155,504.2778205053839,483.31578416776154,193.7319486106656
2019-05-05,,279.0,3511.179428231851,58.426083640870054,0.0,0.0,0.0,0.0,0.0,473.2990669034426,478.0286320037302,494.72020155827033,473.2990669034426,188.05924801328916
2019-05-06,,260.0,3539.047369922387,43.26567097183585,0.0,0.0,0.0,0.0,0.0,463.3981383852779,467.955000290216,485.26923882600374,463.3981383852779,182.4860060591667
2019-05-07,,242.0,3567.2085230306852,34.0418266153588,0.0,0.0,0.0,0.0,0.0,453.61634902074,458.00031503160506,475.9280068811138,453.61634902074,177.6983121936022
2019-05-08,,227.0,3597.4350646187313,21.446357646865707,0.0,0.0,0.0,0.0,0.0,443.95680147374327,448.00250791966386,466.69935330808676,443.95680147374327,172.51312754354495
2019-05-09,,212.0,3629.2156965007607,13.041351840090826,0.0,0.0,0.0,0.0,0.0,434.4223510346629,438.3096612352906,457.5858992965668,434.4223510346629,167.91990792582638
2019-05-10,,200.0,3661.1608937228452,0.0,0.0,0.0,0.0,0.0,0.0,425.0156063108029,434.4284573057135,448.590040527318,425.0156063108029,163.5042630179793
2019-05-11,,200.0,3691.893813004652,0.0,0.0,0.0,0.0,0.0,0.0,415.7389302352934,428.3409419001839,439.7139483487232,415.7389302352934,160.47422756052507
2019-05-12,,198.0,3720.296711028133,0.0,0.0,0.0,0.0,0.0,0.0,406.59444139201264,418.80856781331937,430.9595712412397,406.59444139201264,157.04532255582146
2019-05-13,,198.0,3746.8078187055603,0.0,0.0,0.0,0.0,0.0,0.0,397.58401565374754,409.72033981865616,422.32863656688596,397.58401565374754,153.7041240049112
2019-05-14,,197.0,3772.858726703815,0.0,0.0,0.0,0.0,0.0,0.0,388.7092881304268,401.59563552362397,413.82265260048985,388.7092881304268,150.51594703181757
2019-05-15,,196.0,3799.0123865366995,0.0,0.0,0.0,0.0,0.0,0.0,379.9716554238902,391.39189644169454,405.44291083908865,379.9716554238902,147.10080783808417
2019-05-16,,195.0,3825.436509086724,0.0,0.0,0.0,0.0,0.0,0.0,371.3722781852828,382.0705863229872,397.1904885855361,371.3722781852828,143.82916913672577
2019-05-17,,194.0,3853.1704186184893,0.0,0.0,0.0,0.0,0.0,0.0,362.9120839708029,375.0463804808552,389.0662518020409,362.9120839708029,140.87808953171236
2019-05-18,,193.0,3884.1649915060266,0.0,0.0,0.0,0.0,0.0,0.0,354.5917703911702,375.14925038931386,381.0708582290371,354.5917703911702,138.85148487619014
2019-05-19,,192.0,3928.2727738231324,0.0,0.0,0.0,0.0,0.0,0.0,346.41180854983037,374.75646023993977,373.20476076446937,346.41180854983037,136.79662869427995
2019-05-20,,191.0,3956.005266419939,0.0,0.0,0.0,0.0,0.0,0.0,338.37244676456083,368.6738322195258,365.46821109825805,338.37244676456083,134.0643112602931
2019-05-21,,190.0,3980.655742623417,0.0,0.0,0.0,0.0,0.0,0.0,330.47371456680804,360.25082160751043,357.86126359641213,330.47371456680804,131.07322497134132
2019-05-22,,189.0,4005.1845580446275,0.0,0.0,0.0,0.0,0.0,0.0,322.7154269727465,352.10218919344635,350.38377942894715,322.7154269727465,128.15017444939252
2019-05-23,,188.0,4031.234467166582,0.0,0.0,0.0,0.0,0.0,0.0,315.09718901973184,341.92718211350586,343.03543093548603,315.09718901973184,125.00747525859046
2019-05-24,,188.0,4057.5193794724346,0.0,0.0,0.0,0.0,0.0,0.0,307.61840056149344,331.2330047945127,335.81570622212377,307.61840056149344,121.83338894726623
2019-05-25,,187.0,4083.22668457465,0.0,0.0,0.0,0.0,0.0,0.0,300.2782613151122,323.4097394689203,328.7239139828723,300.2782613151122,119.0514893458631
2019-05-26,,187.0,4109.5427989807085,0.0,0.0,0.0,0.0,0.0,0.0,293.0757761525193,312.5372564748994,321.75918853872463,293.0757761525193,115.92152764576791
2019-05-27,,187.0,4136.512427337075,0.0,0.0,0.0,0.0,0.0,0.0,286.0097606289655,303.7693293954665,314.9204950871232,286.0097606289655,113.08744813894441
2019-05-28,,186.0,4161.595849245616,0.0,0.0,0.0,0.0,0.0,0.0,279.07884674062495,295.52918505335145,308.2066351543649,279.07884674062495,110.35183336854267
2019-05-29,,186.0,4185.803067851615,0.0,0.0,0.0,0.0,0.0,0.0,272.28148890322825,287.4306887818279,301.61625224323575,272.28148890322825,107.66605374103649
2019-05-30,,185.0,4213.144805570058,0.0,0.0,0.0,0.0,0.0,0.0,265.6159701433492,278.8503279625701,295.1478376679323,265.6159701433492,104.95176697173144
2019-05-31,,185.0,4242.990159129254,0.0,0.0,0.0,0.0,0.0,0.0,259.08040849372594,270.3229821722814,288.79973656811126,259.08040849372594,102.27539090426482
2019-06-01,,184.0,4271.235012416229,0.0,0.0,0.0,0.0,0.0,0.0,252.67276358374866,260.9399292878728,282.57015409369,252.67276358374866,99.52285587066393
2019-06-02,,184.0,4299.169936284023,0.0,0.0,0.0,0.0,0.0,0.0,246.39084341601657,255.13890592335412,276.4571617518242,246.39084341601657,97.24836388639936
2019-06-03,,184.0,4325.186970498501,0.0,0.0,0.0,0.0,0.0,0.0,242.20428951003467,246.73348573661815,270.458703907296,240.232311319649,94.67806262044539
2019-06-04,,183.0,4349.5241776855255,0.0,0.0,0.0,0.0,0.0,0.0,237.2182522168017,240.35987076073485,264.5726044273638,234.1946930708225,92.39089603236513
2019-06-05,,183.0,4370.071074187715,0.0,0.0,0.0,0.0,0.0,0.0,231.22111352200199,235.35555731541845,258.7965734619587,228.27538417081357,90.30343936852384
2019-06-06,,182.0,4380.745924166757,0.0,0.0,0.0,0.0,0.0,0.0,225.47805032501512,229.69127507093268,253.12821434995251,222.4716572716383,88.16139333656544
2019-06-07,,182.0,4433.537924598775,0.0,0.0,0.0,0.0,0.0,0.0,221.2443948489674,224.7383948580443,247.565030642075,216.78066973920798,86.1355119049159
2019-06-08,,181.0,4492.493527204185,0.0,0.0,0.0,0.0,0.0,0.0,215.9194001303361,220.8144706232353,242.104433230925,211.1994713437614,84.26479689974022
2019-06-09,,181.0,4554.859068751459,0.0,0.0,0.0,0.0,0.0,0.0,210.32316456082359,220.4626655790872,236.74374757839234,205.72501206718124,82.86642815308261
2019-06-10,,181.0,4570.533993089116,0.0,0.0,0.0,0.0,0.0,0.0,204.95086441413468,217.64298186153064,231.4802210307015,200.35415001667423,81.1846691136133
2019-06-11,,180.0,4579.131923856798,0.0,0.0,0.0,0.0,0.0,0.0,199.71147201998684,211.7960109160706,226.3110302111812,195.0836594341635,79.14883757017691
2019-06-12,,180.0,4591.134890710818,0.0,0.0,0.0,0.0,0.0,0.0,193.90034911586451,206.41058370313857,221.23328848078387,189.9102387906405,77.19426387182037
2019-06-13,,179.0,4608.828557089191,0.0,0.0,0.0,0.0,0.0,0.0,188.73449212910543,200.81626857284255,216.24405345629592,184.83051895461927,75.23635512296971
2019-06-14,,179.0,4631.728465107508,0.0,0.0,0.0,0.0,0.0,0.0,183.48871080225626,194.24760123923107,211.34033457612256,179.84107142376052,73.17862590488926
2019-06-15,,178.0,4658.558331827232,0.0,0.0,0.0,0.0,0.0,0.0,179.6324225861639,188.57734391605283,206.51910070347753,174.93841660865678,71.25435765352339
2019-06-16,,178.0,4687.497265398504,0.0,0.0,0.0,0.0,0.0,0.0,177.69578341412216,182.4128423407522,201.77728775676673,170.11903215771656,69.28864528190444
2019-06-17,,178.0,4716.523780816899,0.0,0.0,0.0,0.0,0.0,0.0,173.70925037903936,177.03253629031724,197.11180635693614,165.3793613120427,67.44046299491201
2019-06-18,,177.0,4746.0872624129115,0.0,0.0,0.0,0.0,0.0,0.0,168.83489323988186,169.62335296888773,192.51954948153224,160.71582127916918,65.35734046619865
2019-06-19,,177.0,4775.498276001758,0.0,0.0,0.0,0.0,0.0,0.0,163.36187330916857,164.53198821941982,187.9974001152279,156.12481161450512,63.5817749936441
2019-06-20,,176.0,4805.432008559377,0.0,0.0,0.0,0.0,0.0,0.0,158.58666443986482,167.4638586104976,183.54223888657714,151.60272259933424,62.82610251205112
2019-06-21,,172.0,4832.875117839833,0.0,0.0,0.0,0.0,0.0,0.0,153.1096779111997,166.78977472626997,179.150951680783,147.14594360422564,61.63583375140983
2019-06-22,,168.0,4862.631414686343,0.0,0.0,0.0,0.0,0.0,0.0,148.59669173908304,161.1755914526243,174.82043721830365,142.75087142674187,59.84336251220873
2019-06-23,,164.0,4888.7951338992625,0.0,0.0,0.0,0.0,0.0,0.0,143.55614213970784,155.07387042472538,170.54761458916624,138.41391859236245,58.00442545078176
2019-06-24,,160.0,4914.3430005506325,0.0,0.0,0.0,0.0,0.0,0.0,140.9329373937082,151.39734431430816,166.32943073292347,134.13152160759824,56.482287081853734
2019-06-25,,156.0,4940.086606702846,0.0,0.0,0.0,0.0,0.0,0.0,139.2439142385694,142.99300756748482,162.1628678542569,129.90014915433454,54.38200307200953
2019-06-26,,152.0,4967.451190237735,0.0,0.0,0.0,0.0,0.0,0.0,135.82882554589156,138.4708524377857,158.04495076431965,125.71631021451975,52.77901417707814
2019-06-27,,148.0,4996.88231612133,0.0,0.0,0.0,0.0,0.0,0.0,139.1048699873367,136.07299383892604,153.9727541380081,121.57656211440906,51.4527887614179
2019-06-28,,144.0,5026.409252208153,0.0,0.0,0.0,0.0,0.0,0.0,140.28254723185154,132.73332854280653,149.94340967745939,117.47751847767779,50.01928208724296
2019-06-29,,140.0,5056.280514646483,0.0,0.0,0.0,0.0,0.0,0.0,136.9490359562593,128.98217990114279,145.95411317219896,113.4158570768343,48.544018768772006
2019-06-30,,136.0,5087.659622467412,0.0,0.0,0.0,0.0,0.0,0.0,132.54082011009183,125.91082488138056,142.0021314464858,109.38832757249833,47.16266048754559
2019-07-01,,132.0,5118.12429496527,0.0,0.0,0.0,0.0,0.0,0.0,128.39306762505328,120.91049930054612,138.0848091845586,105.39175913024917,45.548383451919236
2019-07-02,,128.0,5146.570474056157,0.0,0.0,0.0,0.0,0.0,0.0,125.40844202598339,115.51770091146142,134.1995756246335,101.42306790490738,43.89254305512529
2019-07-03,,134.0,5177.0465847151845,0.0,0.0,0.0,0.0,0.0,0.0,171.32376598620033,119.35042678466237,130.34395111267622,97.71561418901177,43.426249010793796
2019-07-04,,134.0,5205.640169359402,0.0,0.0,0.0,0.0,0.0,0.0,192.29393781899813,116.96824699705894,126.51555350714466,94.04651107695264,42.19128894764453
2019-07-05,,131.0,5236.116535335417,0.0,0.0,0.0,0.0,0.0,0.0,185.9943220627374,115.49062841847461,122.7121044260931,90.68074380725142,41.11043458147739
2019-07-06,,128.0,5263.711948377038,0.0,0.0,0.0,0.0,0.0,0.0,182.00086499621494,108.83022950904689,118.93143532822432,87.26905322132177,39.37883975732412
2019-07-07,,124.0,5290.176200014008,0.0,0.0,0.0,0.0,0.0,0.0,179.88451522435668,105.32740385364713,115.1714934196824,83.91132507155771,38.051277793110906
2019-07-08,,120.0,5316.73925286712,0.0,0.0,0.0,0.0,0.0,0.0,162.95299935853052,98.88100978285138,111.43034737861001,80.59750425719477,36.36360767733202
2019-07-09,,116.0,5341.6370044760515,0.0,0.0,0.0,0.0,0.0,0.0,155.6472133349959,94.67070333933697,107.70619288970613,77.12215492339493,34.93738139405475
2019-07-10,,112.0,5378.083973253442,0.0,0.0,0.0,0.0,0.0,0.0,151.18525591497837,96.54644847760255,103.99735798127756,73.79437884426318,34.29227316289291
2019-07-11,,109.0,5405.471772033976,0.0,0.0,0.0,0.0,0.0,0.0,142.99948642222978,95.37074303822487,100.30230815750963,70.52859974452025,33.275206367531844
2019-07-12,,107.0,5430.154277378339,0.0,0.0,0.0,0.0,0.0,0.0,136.63174005176842,93.67072765250276,96.61965131895005,67.35240443079954,32.205347925281544
2019-07-13,,104.0,5455.080511882426,0.0,0.0,0.0,0.0,0.0,0.0,133.57353663342877,90.56234118081909,92.9481424644581,64.0044502477258,30.939366736625374
2019-07-14,,102.0,5484.198207715184,0.0,0.0,0.0,0.0,0.0,0.0,124.38564028817984,85.56410400125259,89.2866881681473,60.557655617523096,29.426055973365372
2019-07-15,,99.0,5517.67286729123,0.0,0.0,0.0,0.0,0.0,0.0,113.4458700312079,80.05056021985428,85.63435082513257,57.03883399920812,27.84046813052437
2019-07-16,,96.0,5544.9221818358,0.0,0.0,0.0,0.0,0.0,0.0,103.4993055720127,75.91654642026447,81.99035266018302,53.18521226224186,26.38651391783617
2019-07-17,,92.0,5571.921386500131,0.0,0.0,0.0,0.0,0.0,0.0,84.24221294991264,68.05889593407744,78.35407949367317,49.3379568204507,24.468866531025164
2019-07-18,,88.0,5597.542180925988,0.0,0.0,0.0,0.0,0.0,0.0,77.7890182704802,63.60095221564325,74.72508425953038,45.52021903609409,22.980781938908464
2019-07-19,,84.0,5623.954606191954,0.0,0.0,0.0,0.0,0.0,0.0,50.864154055106496,53.83495800053379,71.10309027019662,41.53353973126093,20.808948500248917
2019-07-20,,80.0,5648.799781761021,0.0,0.0,0.0,0.0,0.0,0.0,46.68745701445289,49.391129586506054,67.48799422391869,37.48718024905247,19.295788007434652
2019-07-21,,76.0,5673.341863595442,0.0,0.0,0.0,0.0,0.0,0.0,41.30018240699644,42.54683487194495,63.87986895002109,33.141824627525466,17.44606605618644
2019-07-22,,73.0,5698.5756001077025,0.0,0.0,0.0,0.0,0.0,0.0,36.54689762277724,37.80442628412095,60.27896588813405,28.88925984930779,15.87158150269535
2019-07-23,,70.0,5724.179019457682,0.0,0.0,0.0,0.0,0.0,0.0,31.56795471290468,33.47781967804417,56.68571729768553,24.523517546518292,14.335881815280999
2019-07-24,,67.0,5749.519211361808,0.0,0.0,0.0,0.0,0.0,0.0,25.874079353733805,27.12387868804558,53.100738194297946,20.125535486736226,12.543769046134969
2019-07-25,,64.0,5776.285213227162,0.0,0.0,0.0,0.0,0.0,0.0,22.936772827905656,23.25731762090993,49.524828010072724,15.927568665510535,11.088714287061649
2019-07-26,,62.0,5807.350303968864,0.0,0.0,0.0,0.0,0.0,0.0,16.697511157652798,16.075421442256243,45.95897197510101,11.610631308526536,9.205628090735473
2019-07-27,,60.0,5839.936979194384,0.0,0.0,0.0,0.0,0.0,0.0,11.987128999875836,13.197847302365744,42.40434221787109,7.459357778356207,7.88269341232413
2019-07-28,,58.0,5871.421839948577,0.0,0.0,0.0,0.0,0.0,0.0,5.139558953753522,7.213182504110705,38.86229858259799,3.0751115432075267,6.143824078739527
2019-07-29,,56.0,5902.917358442821,0.0,0.0,0.0,0.0,0.0,0.0,0.1825225005950415,4.254686130186428,35.33438916187197,0.0,4.9486344115072995
2019-07-30,,54.0,5932.382218015218,0.0,0.0,0.0,0.0,0.0,0.0,0.0,1.074921315132542,31.82235054334842,0.0,4.11215898231012
2019-07-31,,52.0,5960.729885167382,0.0,0.0,0.0,0.0,0.0,0.0,0.0,0.0,28.328107769588883,0.0,3.5410134711986103
2019-08-01,,50.0,5988.8273100321785,0.0,0.0,0.0,0.0,0.0,0.0,0.0,0.0,24.853774010497318,0.0,3.1067217513121648
2019-08-02,,48.0,6014.922005980779,0.0,0.0,0.0,0.0,0.0,0.0,0.0,0.0,21.401649948174963,0.0,2.6752062435218704
2019-08-03,,46.0,6040.705403803266,0.0,0.0,0.0,0.0,0.0,0.0,0.0,0.0,17.974222874359725,0.0,2.2467778592949657
2019-08-04,,45.0,6065.6026085356625,0.0,0.0,0.0,0.0,0.0,0.0,0.0,0.0,14.574165500995832,0.0,1.821770687624479
2019-08-05,,45.0,6089.810605133482,0.0,0.0,0.0,0.0,0.0,0.0,0.0,0.0,11.20433448481515,0.0,1.4005418106018936
2019-08-06,,44.0,6116.1044350491065,0.0,0.0,0.0,0.0,0.0,0.0,0.0,0.0,7.867768667190603,0.0,0.9834710833988254
2019-08-07,,42.0,6143.840833115039,0.0,0.0,0.0,0.0,0.0,0.0,0.0,0.0,4.567687030870502,0.0,0.5709608788588127
2019-08-08,,41.0,6180.171228247829,0.0,0.0,0.0,0.0,0.0,0.0,0.0,0.0,1.307486375557005,0.0,0.16343579694462562
2019-08-09,,39.0,6211.070005140535,0.0,0.0,0.0,0.0,0.0,0.0,0.0,0.0,0.0,0.0,0.0
2019-08-10,,38.0,6239.434350028746,0.0,0.0,0.0,0.0,0.0,0.0,0.0,0.0,0.0,0.0,0.0
2019-08-11,,37.0,6271.3810416988235,0.0,0.0,0.0,0.0,0.0,0.0,0.0,0.0,0.0,0.0,0.0
2019-08-12,,35.0,6297.951837403563,0.0,0.0,0.0,0.0,0.0,0.0,0.0,0.0,0.0,0.0,0.0
2019-08-13,,33.0,6328.482719498354,0.0,0.0,0.0,0.0,0.0,0.0,0.0,0.0,0.0,0.0,0.0
2019-08-14,,31.0,6358.2555374495105,0.0,0.0,0.0,0.0,0.0,0.0,0.0,0.0,0.0,0.0,0.0
2019-08-15,,31.0,6385.418960406327,0.0,0.0,0.0,0.0,0.0,0.0,5.937825038004121,0.0,0.0,0.0,0.0
2019-08-16,,28.0,6410.049913215038,0.0,0.0,0.0,0.0,0.0,0.0,18.508587620284857,0.0,0.0,0.0,0.0
2019-08-17,,25.0,6434.694744592263,0.0,0.0,0.0,0.0,0.0,0.0,15.425263270901723,0.0,0.0,0.0,0.0
2019-08-18,,22.0,6459.159799678182,0.0,0.0,0.0,0.0,0.0,0.0,11.520554802270453,0.0,0.0,0.0,0.0
2019-08-19,,19.0,6486.00478805759,0.0,0.0,0.0,0.0,0.0,0.0,6.06756010378092,0.0,0.0,0.0,0.0
2019-08-20,,16.0,6513.616064950777,0.0,0.0,0.0,0.0,0.0,0.0,0.0,0.0,0.0,0.0,0.0
2019-08-21,,15.0,6541.679921713793,0.0,0.0,0.0,0.0,0.0,0.0,0.0,0.0,0.0,0.0,0.0
2019-08-22,,15.0,6568.76815907911,0.0,0.0,0.0,0.0,0.0,0.0,0.0,0.0,0.0,0.0,0.0
2019-08-23,,14.0,6598.330911855774,0.0,0.0,0.0,0.0,0.0,0.0,0.0,0.0,0.0,0.0,0.0
2019-08-24,,14.0,6629.818427689874,0.0,0.0,0.0,0.0,0.0,0.0,0.0,0.0,0.0,0.0,0.0
2019-08-25,,13.0,6661.695415619971,0.0,0.0,0.0,0.0,0.0,0.0,0.0,0.0,0.0,0.0,0.0
2019-08-26,,13.0,6686.408765534938,0.0,0.0,0.0,0.0,0.0,0.0,0.0,0.0,0.0,0.0,0.0
2019-08-27,,13.0,6711.679661212782,0.0,0.0,0.0,0.0,0.0,0.0,0.0,0.0,0.0,0.0,0.0
2019-08-28,,13.0,6740.9704168973485,0.0,0.0,0.0,0.0,0.0,0.0,0.0,0.0,0.0,0.0,0.0
2019-08-29,,13.0,6769.776523423097,0.0,0.0,0.0,0.0,0.0,0.0,0.0,0.0,0.0,0.0,0.0
2019-08-30,,13.0,6798.307133669327,0.0,0.0,0.0,0.0,0.0,0.0,0.0,0.0,0.0,0.0,0.0
2019-08-31,,13.0,6825.096796985318,0.0,0.0,0.0,0.0,0.0,0.0,0.0,0.0,0.0,0.0,0.0
2019-09-01,,13.0,6853.6625236732525,0.0,0.0,0.0,0.0,0.0,0.0,0.0,0.0,0.0,0.0,0.0
2019-09-02,,13.0,6881.111777949657,0.0,0.0,0.0,0.0,0.0,0.0,0.0,0.0,0.0,0.0,0.0
2019-09-03,,13.0,6911.612384135628,0.0,0.0,0.0,0.0,0.0,0.0,0.0,0.0,0.0,0.0,0.0
2019-09-04,,13.0,6938.6653888011415,0.0,0.0,0.0,0.0,0.0,0.0,0.0,0.0,0.0,0.0,0.0
2019-09-05,,13.0,6966.5086030034,0.0,0.0,0.0,0.0,0.0,0.0,0.0,0.0,0.0,0.0,0.0
2019-09-06,,13.0,6992.366168652545,0.0,0.0,0.0,0.0,0.0,0.0,0.0,0.0,0.0,0.0,0.0
2019-09-07,,13.0,7021.642148758549,0.0,0.0,0.0,0.0,0.0,0.0,0.0,0.0,0.0,0.0,0.0
2019-09-08,,13.0,7048.690363631953,0.0,0.0,0.0,0.0,0.0,0.0,0.0,0.0,0.0,0.0,0.0
2019-09-09,,13.0,7073.682602960091,0.0,0.0,0.0,0.0,0.0,0.0,0.0,0.0,0.0,0.0,0.0
2019-09-10,,13.0,7101.084970945842,0.0,0.0,0.0,0.0,0.0,0.0,0.0,0.0,0.0,0.0,0.0
2019-09-11,,13.0,7129.939314330547,0.0,0.0,0.0,0.0,0.0,0.0,0.0,0.0,0.0,0.0,0.0
2019-09-12,,13.0,7161.509023836363,0.0,0.0,0.0,0.0,0.0,0.0,0.0,0.0,0.0,0.0,0.0
2019-09-13,,13.0,7193.549097206833,0.0,0.0,0.0,0.0,0.0,0.0,0.0,0.0,0.0,0.0,0.0
2019-09-14,,13.0,7223.921851834384,0.0,0.0,0.0,0.0,0.0,0.0,0.0,0.0,0.0,0.0,0.0
2019-09-15,,13.0,7250.874276410528,0.0,0.0,0.0,0.0,0.0,0.0,0.0,0.0,0.0,0.0,0.0
2019-09-16,,13.0,7276.399485658366,0.0,0.0,0.0,0.0,0.0,0.0,0.0,0.0,0.0,0.0,0.0
2019-09-17,,13.0,7297.787282493614,0.0,0.0,0.0,0.0,0.0,0.0,0.0,0.0,0.0,0.0,0.0
2019-09-18,,13.0,7325.823327433915,0.0,0.0,0.0,0.0,0.0,0.0,0.0,0.0,0.0,0.0,0.0
2019-09-19,,13.0,7351.456444503829,0.0,0.0,0.0,0.0,0.0,0.0,15.516739486835604,0.0,0.0,0.0,0.0
2019-09-20,,13.0,7379.827309857757,0.0,0.0,0.0,0.0,0.0,0.0,31.855878787085544,0.0,0.0,0.0,0.0
2019-09-21,,13.0,7410.991982414345,0.0,0.0,0.0,0.0,0.0,0.0,32.90504459379656,0.0,0.0,0.0,0.0
2019-09-22,,13.0,7440.778469919052,0.0,0.0,0.0,0.0,0.0,0.0,29.493982511644276,0.0,0.0,0.0,0.0
2019-09-23,,13.0,7470.814857872598,0.0,0.0,0.0,0.0,0.0,0.0,29.592775114079018,0.0,0.0,0.0,0.0
2019-09-24,,13.0,7498.746675926575,0.0,0.0,0.0,0.0,0.0,0.0,27.129476351779886,0.0,0.0,0.0,0.0
2019-09-25,,13.0,7527.78068270284,0.0,0.0,0.0,0.0,0.0,0.0,24.491737734376215,0.0,0.0,0.0,0.0
2019-09-26,,13.0,7557.805786770004,0.0,0.0,0.0,0.0,0.0,0.0,24.1639477711102,0.0,0.0,0.0,0.0
2019-09-27,,13.0,7587.731994184706,0.0,0.0,0.0,0.0,0.0,0.0,24.563711368903228,0.0,1.7813484163948488,0.0,0.2226685520493561
2019-09-28,,13.0,7614.358952034775,0.0,0.0,0.0,0.0,0.0,0.0,16.27089798301813,0.0,7.66092701339096,0.0,0.95761587667387
2019-09-29,,19.0,7641.077508640539,0.0,0.0,0.0,0.0,0.0,0.0,14.79101940271562,0.0,13.867496850129328,0.0,1.733437106266166
2019-09-30,,48.0,7671.359926768633,0.0,0.0,0.0,0.0,0.0,0.0,2.8943821056035404,0.0,20.40518118552211,0.0,2.550647648190264
2019-10-01,,93.0,7703.092366330394,0.0,0.0,0.0,0.0,0.0,0.0,0.0,0.0,27.277907513744367,0.0,3.409738439218046
2019-10-02,,146.0,7734.281301919543,0.0,0.0,0.0,0.0,0.0,0.0,0.0,0.0,34.48940058770131,0.0,4.311175073462664
2019-10-03,,198.0,7762.509528778936,0.0,0.0,0.0,0.0,0.0,0.0,0.0,0.0,42.04317562288452,0.0,5.255396952860565
2019-10-04,,249.0,7788.96491615295,0.0,0.0,0.0,0.0,0.0,0.0,0.0,0.0,49.94253169038336,0.0,6.24281646129792
2019-10-05,,317.0,7818.683693190159,0.0,0.0,0.0,0.0,0.0,0.0,10.679220259494855,0.0,58.19054530760491,0.0,7.273818163450613
2019-10-06,,375.0,7849.009142205699,0.0,0.0,0.0,0.0,0.0,0.0,34.71999985167997,5.397225347729204,66.7900642350487,0.0,9.023411197847238
2019-10-07,,405.0,7873.517991275343,0.0,0.0,0.0,0.0,0.0,0.0,46.50754402474854,12.74532308484936,75.74370148724597,3.965194685531401,11.556777407203342
2019-10-08,,435.0,7897.951237828547,0.0,0.0,0.0,0.0,0.0,0.0,55.53720992828528,20.866543547699848,85.05382956575056,11.473532685766486,14.674238224902112
2019-10-09,,467.0,7921.5307208367485,0.0,0.0,0.0,0.0,0.0,0.0,63.41522754959817,29.432456647603658,94.72257492179881,19.642610136720577,17.97470521326538
2019-10-10,,499.0,7945.345034737446,0.0,0.0,0.0,0.0,0.0,0.0,68.12981649677988,38.80991045437531,104.75181265602191,28.641454731357726,21.52539723021937
2019-10-11,,530.0,7970.460505064819,0.0,0.0,0.0,0.0,0.0,0.0,75.36047813281607,49.40640139477682,115.14316146232272,38.158461808719835,25.338503083227423
2019-10-12,,561.0,7997.595398600924,0.0,0.0,0.0,0.0,0.0,0.0,83.08929175057051,57.22087768199185,125.89797882274718,48.389119446390396,28.938496993891178
2019-10-13,,582.0,8026.710373435627,0.0,0.0,0.0,0.0,0.0,0.0,91.15232021429222,65.86563229821547,137.0173564599096,59.096555024389204,32.747442972814284
2019-10-14,,607.0,8083.145309275485,0.0,0.0,0.0,0.0,0.0,0.0,98.6293829760084,74.42517151681102,148.5021160532375,70.66670829520888,36.699249483157175
2019-10-15,,637.0,8102.834594877232,0.0,0.0,0.0,0.0,0.0,0.0,107.09428716456739,80.55254491381595,160.3528052250008,82.67059559761094,40.44699321705346
2019-10-16,,667.0,8122.8391848805995,0.0,0.0,0.0,0.0,0.0,0.0,115.47083836807803,92.01548317220909,172.5696938017893,95.473863272004,45.0073800307503
2019-10-17,,689.0,8146.0545077363295,0.0,0.0,0.0,0.0,0.0,0.0,133.39663774314192,106.88672918909924,185.15277035679253,109.20806453101738,50.155945509613645
2019-10-18,,706.0,8175.9602996931635,0.0,0.0,0.0,0.0,0.0,0.0,145.30183957371025,125.10256341018157,198.10173903790792,123.52137283489583,55.840709410373165
2019-10-19,,720.0,8206.347826005973,0.0,0.0,0.0,0.0,0.0,0.0,151.88710877103688,140.74877012399133,211.41601668639157,138.56721875860637,61.34150069612366
2019-10-20,,732.0,8236.496527904734,0.0,0.0,0.0,0.0,0.0,0.0,158.4666572783583,157.08951619331742,225.09473025042462,154.0658025796223,67.03125612792054
2019-10-21,,742.0,8270.097834807251,0.0,0.0,0.0,0.0,0.0,0.0,164.77711915324323,173.36530751912755,239.13671449763945,170.3602621138599,72.85778551632836
2019-10-22,,753.0,8298.332223148984,0.0,0.0,0.0,0.0,0.0,0.0,173.05764232567287,186.64405448745106,253.54051003030247,186.97993402618658,78.39556231799251
2019-10-23,,766.0,8332.421449270183,0.0,0.0,0.0,0.0,0.0,0.0,187.23090929847922,202.61854698999912,268.30436160651027,204.25088008567957,84.39672358527362
2019-10-24,,779.0,8348.256181817474,0.0,0.0,0.0,0.0,0.0,0.0,201.93007964638036,217.65010565296643,283.4262167704022,222.26808658986386,90.41805112665406
2019-10-25,,791.0,8383.418738314924,0.0,0.0,0.0,0.0,0.0,0.0,216.90244568744447,237.88229464829624,298.903724794042,240.64702525731502,97.17913058745665
2019-10-26,,799.0,8425.895744904803,0.0,0.0,0.0,0.0,0.0,0.0,230.8708673769405,254.9100774382821,314.7342359332571,259.5130397915766,103.64466914538947
2019-10-27,,805.0,8474.142855016416,0.0,0.0,0.0,0.0,0.0,0.0,246.72626901309002,273.35689971747945,330.91480099937075,278.5634901613789,110.35439885977864
2019-10-28,,807.0,8517.880873941433,0.0,0.0,0.0,0.0,0.0,0.0,262.0134215978153,294.24808838503714,347.4421712483993,298.1244171032896,117.47683459209075
2019-10-29,,782.0,8548.368534188492,0.0,0.0,0.0,0.0,0.0,0.0,277.68746912790107,314.8065056002346,364.3127985889114,317.71415168994054,124.60418198488581
2019-10-30,,750.0,8574.487933336237,0.0,0.0,0.0,0.0,0.0,0.0,293.7578689330246,334.04526547158366,381.5228361093957,337.6540320637939,131.65276670559666
2019-10-31,,715.0,8602.13535568387,0.0,0.0,0.0,0.0,0.0,0.0,308.44099229437677,357.86805592432063,399.0681389255991,358.0406304672666,139.3721031646483
2019-11-01,,695.0,8626.983315149844,0.0,0.0,0.0,0.0,0.0,0.0,326.36282928609876,383.3439243541153,416.94426534793706,378.49717819711384,147.34817098739578
2019-11-02,,682.0,8654.413015719925,0.0,0.0,0.0,0.0,0.0,0.0,364.4003477112392,406.89421999820036,435.14647836871353,399.1626564586311,155.15041935319312
2019-11-03,,669.0,8684.841776247406,0.0,0.0,0.0,0.0,0.0,0.0,395.97612597768386,441.125336466892,453.66974746849917,419.7534932800745,164.3185721519332
2019-11-04,,656.0,8733.959224124452,0.0,0.0,0.0,0.0,0.0,0.0,413.96909207901035,466.2637043095584,472.5087507406698,440.6196412295389,172.4240120349709
2019-11-05,,643.0,8749.786323003653,0.0,0.0,0.0,0.0,0.0,0.0,437.2978688792872,491.78318713329224,491.6578773327256,461.3074767974839,180.59356765793774
2019-11-06,,630.0,8782.460569573914,0.0,0.0,0.0,0.0,0.0,0.0,460.43947125348865,517.3531012525011,511.11123020264455,482.16970290711663,188.8292542952828
2019-11-07,,617.0,8818.900961218864,0.0,0.0,0.0,0.0,0.0,0.0,476.09633912364603,539.191667154227,530.8626291881669,503.336679853099,196.67387202443663
2019-11-08,,604.0,8854.956977350706,0.0,0.0,0.0,0.0,0.0,0.0,496.31769130956224,561.5029374966226,550.9056143865347,524.466896661239,204.60943106804956
2019-11-09,,591.0,8883.099947855979,2.46941096655128,0.0,0.0,0.0,0.0,0.0,516.5842627407303,586.3706575681811,571.2334498418553,545.735076731456,213.22607438850548
2019-11-10,,578.0,8910.7020152764,18.884906610286592,0.0,0.0,0.0,0.0,0.0,535.9998633699732,601.957797060781,591.8391275369004,566.8928846184481,222.44683947830202
2019-11-11,,559.0,8963.361474070756,35.89807776752126,0.0,0.0,0.0,0.0,0.0,552.9790102621351,616.9690842560963,612.7153716857928,588.3240354571183,231.73832114581606
2019-11-12,,540.0,9023.476387100245,58.63979549375166,0.0,0.0,0.0,0.0,0.0,573.6268356859973,643.3412573597379,633.8546433236922,609.6062739941615,243.18024627141793
2019-11-13,,522.0,9074.156285598316,77.77058499390274,0.0,0.0,0.0,0.0,0.0,592.4444991771938,663.9071825523569,655.2491451892369,631.1204294016821,253.5059177671473
2019-11-14,,503.0,9100.008628101496,100.82688114734887,0.0,0.0,0.0,0.0,0.0,611.1316003415516,679.4867957748259,676.8908268951569,653.0209938243132,263.7781872052056
2019-11-15,,485.0,9151.110991545373,118.9086670708716,0.0,0.0,0.0,0.0,0.0,633.2722023784306,708.0088782517087,698.7713903821475,674.985956621214,275.08436154074275
2019-11-16,,468.0,9238.891326357018,141.6781637186279,0.0,0.0,0.0,0.0,0.0,657.5115676301814,738.3229808639453,720.8822956507499,697.204404907973,287.26098064266205
2019-11-17,,451.0,9228.183729604305,156.64113141141146,0.0,0.0,0.0,0.0,0.0,684.1189689729038,754.2597198358819,743.2147667656683,719.4368703168113,296.69406104122163
2019-11-18,,433.0,9278.58317816375,172.13450555658972,0.0,0.0,0.0,0.0,0.0,695.2661077256744,768.5417218406233,765.7597981266268,742.0702325179989,306.06328225522986
2019-11-19,,411.0,9293.843632204547,193.32392849010836,0.0,0.0,0.0,0.0,0.0,717.9211777476808,786.7272439310726,788.5081609995707,764.6796512352652,316.6548730820021
2019-11-20,,379.0,9311.704986735871,210.8994244622445,0.0,0.0,0.0,0.0,0.0,741.3070577352437,805.4854513693639,811.4504103016927,787.637733320965,326.9341274317833
2019-11-21,,357.0,9341.482961241953,232.42110815389202,0.0,0.0,0.0,0.0,0.0,768.5323442996811,819.2279552180811,834.5768916334861,811.0853788561667,337.1639167327032
2019-11-22,,363.0,9367.841401248408,249.00648106422705,0.0,0.0,0.0,0.0,0.0,832.8297950910737,847.7334533760375,857.8777485507237,834.6820300016255,348.66246412407673
2019-11-23,,373.0,9402.345944203485,270.32898815380014,0.0,0.0,0.0,0.0,0.0,884.0175331757576,877.2079875782407,881.3429300689826,858.593820965222,360.9342158457807
2019-11-24,,384.0,9422.79515065857,283.8993936373816,0.0,10.873943143032704,0.0,0.0,0.0,926.7472943985666,898.8086846250167,904.9621983930682,882.5545931164253,371.27810872148643
2019-11-25,,389.0,9465.899559897623,298.0536899503152,0.0,31.681371257833632,0.0,0.0,0.0,959.5706135695578,922.8224689512115,928.7251368634131,906.9215667105434,382.06535780943545
2019-11-26,,391.0,9529.909949676117,317.95108766632654,0.0,43.37546212518231,3.677674037264012,10.856008419283057,0.0,984.4502235232106,945.0461881738103,952.6211581112833,931.2381192262877,395.1737794542819
2019-11-27,,391.0,9572.960545093276,334.2703138231522,3.8860697845539107,46.37569601362162,11.366789844089794,23.429702297839242,5.239367489850906,1000.598059430265,963.9618777630731,976.6395124143697,955.8438531189371,409.3296858169833
2019-11-28,,389.0,9620.511869388542,354.5560847165506,16.276337139802877,54.674327213271056,15.532517143266602,35.80755797410296,18.414140428832184,1022.1140607173226,979.1320701137636,1000.7692962441092,980.8463718255558,425.16679694824796
2019-11-29,,387.0,9665.908232149879,369.90727921755143,28.464796195556858,60.32094510894217,21.86470709781912,47.98400200904541,31.312113543577198,1040.6765964979975,996.9414457264985,1024.9994609958512,1005.8724619583959,440.918283343037
2019-11-30,,384.0,9728.414446982139,389.97645365397955,40.4460111576779,67.14558059179916,37.152940137159646,59.953604105636146,44.065594035824745,1060.4103024378821,1024.246149667851,1049.3188218927696,1031.0571543203591,459.5270911214072
2019-12-01,,381.0,9797.18492476192,402.25222374544296,52.21469350942215,71.24633302518998,64.39771309361913,71.71108089132997,56.38520638234559,1077.393086773996,1063.9743443318143,1073.7160670542123,1056.1056028137311,480.0946164777397
2019-12-02,,379.0,9854.049614526104,415.0481931959216,63.76570565557364,76.60087530645353,82.19239763789301,83.25129955552836,68.60781968058416,1095.586022116927,1094.7504474610332,1098.1797667189892,1081.3495492069583,498.3931473890602
2019-12-03,,376.0,9925.311645431575,433.5019423585559,75.09406441762746,80.82904316950123,95.95638332124668,94.56928133847714,80.26929896881427,1113.062356396709,1122.4158784205415,1122.6983826139053,1106.3108023710276,516.3520042262745
2019-12-04,,375.0,9987.738359250656,448.2722711875339,86.19494437664554,96.53679867514484,113.32617537647957,105.66020486823504,91.71101849627007,1141.4737984107874,1153.6249400581216,1147.2602774576822,1131.3118960839759,534.670215988118
2019-12-05,,384.0,10041.42869340021,466.88653143702146,97.0636810605863,109.43341324078722,121.26021785705518,116.5194093425198,103.02691038283535,1166.9045980775072,1175.7751266400937,1171.8537245902412,1156.4483287283194,551.104241254834
2019-12-06,,386.0,10078.905841868633,480.42954615889806,107.69577397307688,111.72376801953465,124.8497526030153,127.14239755240976,113.86439158124017,1180.8779974475267,1193.6691596349374,1196.4669177171775,1181.3400709094656,565.6822512662776
2019-12-07,,385.0,10148.969025406688,498.5437334836729,118.08688946078223,118.13073993069531,133.44593140120696,137.5248387450589,124.35773969844217,1199.189134279532,1216.5603386043874,1221.0879807591036,1206.1208056327064,581.96603222317
2019-12-08,,385.0,10205.181092986244,508.7119407944831,128.23286341670138,111.51156532122798,136.38864281482813,147.66257132275916,134.22435881861782,1204.1619198214944,1233.6096850703918,1245.7049777954303,1230.4998362221986,595.6293595319262
2019-12-09,,383.0,10249.206577804938,519.2466547771156,138.12970381690855,117.35907993122328,141.42569764126688,157.5516053758828,143.81255857593862,1224.1525265929324,1253.4749170532532,1270.3059230920182,1254.8184302475365,609.84568632249
2019-12-10,,380.0,10319.732472808244,535.289092318473,147.77359308844456,120.1485333308085,145.74246705195685,167.1881250474013,152.67403045894514,1241.3420516070257,1272.774078370315,1294.8787912020493,1278.613032521048,624.3666512573291
2019-12-11,,377.0,10391.945104860459,547.5063639456223,157.16089030624937,130.00188584388127,152.6786573070773,176.56849072688726,161.16996783161687,1266.6506739682522,1294.9546285329384,1319.4115271293579,1302.2255197124657,638.9595056865269
2019-12-12,,374.0,10451.872395629038,563.4385482280487,166.28813321722538,139.58587403909303,158.13489940022714,185.6892410720859,169.41761483305845,1291.8767041369133,1315.733338488585,1343.8920565434007,1325.774912084856,653.5460929834359
2019-12-13,,371.0,10518.34444915875,574.1871845141728,175.15204008970886,147.6077254006866,173.2032214058588,194.54709485633998,177.09060165169376,1315.717092295667,1346.102791686953,1368.3082960349611,1348.9082439213048,669.6874342701242
2019-12-14,,368.0,10575.800522519106,589.414815865006,183.74951138682655,156.31731668900977,183.0107699324118,203.13895264034693,184.35165374385917,1340.3496265595552,1370.9839545697357,1392.6481634016466,1371.789075723034,684.8858621578584
2019-12-15,,365.0,10612.9875743265,596.62710825455,192.07763126241025,164.53325463068427,186.08149136508075,211.46189826692273,190.94813508711604,1364.6300071944586,1388.9212239049066,1416.8995879521794,1394.1586041678565,697.1469600326277
2019-12-16,,361.0,10634.855311034325,604.1612359332537,200.13366887834246,172.37567707516087,191.61082707012554,219.5132001776501,197.2590690524163,1388.4589289965368,1409.2161512457742,1441.0505208184738,1416.3911606607371,709.9169792295967
2019-12-17,,357.0,10661.461459857606,617.1840660252336,207.91507954240467,180.0941653457744,191.44582937590485,227.29031255047676,202.86684201937896,1412.2190472375705,1424.1174751155695,1465.0889452644521,1438.056555219356,721.7456381390971
2019-12-18,,353.0,10692.860913285169,626.3883649538517,215.4195056659034,186.12112308612313,195.9605989023412,234.79087625754767,208.1625575686512,1434.2416583608588,1444.888167582152,1489.0028869805756,1459.529462361179,734.2678025340252
2019-12-19,,349.0,10717.387831949924,639.3388978552638,222.6447775405445,193.8331992289444,201.6357286376401,242.0127196427395,213.29184736748118,1458.1236082543312,1466.9329193728195,1512.7804243530504,1480.9602883750342,747.4497003930717
2019-12-20,,345.0,10740.135164006004,647.159961896056,229.58891393423977,198.3517745769517,210.04095741169147,248.95385911857625,217.9545162186571,1478.7606588208025,1492.0331017993337,1536.4096986967147,1502.0252445165283,760.5207816989746
2019-12-21,,341.0,10753.436300193329,659.5340186557609,236.2501225057175,204.53808293040436,218.81030026103838,255.6124995824025,222.68257273113727,1501.6577140259196,1517.8678432545141,1559.8789244406316,1523.2719362001117,774.2385272039143
2019-12-22,,337.0,10757.245243425199,663.9829836446005,242.626800038025,212.01883583032793,224.00520946791096,261.98703465189567,227.14970233489964,1526.206682967859,1540.204952829652,1583.176399255466,1544.366888104883,785.9374962909167
2019-12-23,,333.0,10723.634793290226,668.8558925424627,248.71753249120263,219.22050470814713,231.07732859921646,268.0760467202042,231.7538739323702,1550.579833620404,1564.47949640024,1606.29051411179,1565.7162453707815,798.1208662710334
2019-12-24,,329.0,10737.637594560085,679.3265036623441,254.52109487461502,226.14106153519197,237.05658368202796,273.8783068311808,236.34329590068842,1574.7647560808903,1587.8131851282467,1629.2097632585214,1587.160970836115,810.6637130217174
2019-12-25,,325.0,10722.70746881497,686.0890815543089,260.036450939627,232.77866263946828,242.2230188296801,279.39277437540693,240.860200876764,1598.7491488468877,1610.1625416815284,1651.922754110802,1608.627220961973,822.4142554162613
2019-12-26,,322.0,10697.29892843573,696.7042503926816,265.2627526935086,239.13164902035624,247.66315039406607,284.6185966078839,245.53879757823586,1622.5208295049838,1632.8323733682323,1674.4182170367026,1630.36833515648,834.6758091534739
2019-12-27,,318.0,10666.576047443967,702.2864701194306,270.1993397356515,245.19854648908847,251.47715753642137,289.55510798847047,249.9602651371116,1646.0677453116127,1653.712187137855,1696.6850150322641,1651.9270319595516,845.7253218308446
2019-12-28,,314.0,10626.227647310521,712.5028067106381,274.8457384173816,250.97806563538222,257.6060910788923,294.2018293463477,254.54549796349158,1669.3779836545436,1677.0814134569666,1718.7121532745082,1673.754947995681,857.9063097804885
2019-12-29,,310.0,10589.939166080905,714.8545547441358,279.20166082684204,256.46910162079325,261.5342505961851,298.55846686997575,258.8760198720246,1692.43978238376,1698.1320216409595,1740.48878854217,1695.406629035319,868.3815490159514
2019-12-30,,306.0,10549.093580533296,717.6654257960122,283.2670036006169,261.67073379955025,267.9830547716226,302.6249109242161,263.3082616369669,1715.2415400006166,1722.227866939844,1762.004238494069,1717.2493021811376,879.5412580430607
2019-12-31,,302.0,10496.64573150256,726.079850067223,287.0418465639592,266.5822251678177,272.4230166317192,306.4012346964653,267.60942410122857,1737.7718256943108,1744.3521425355925,1783.2479907951779,1739.026524456037,890.7727537309253
