Date,CHOLAVARAM,py_snaive,py_hw,prophet,Auto_Arima_no_rain_d1,Arima_with_rain_d_1_sniave,Arima_with_rain_d_1_hw,Arima_with_rain_d_1_AR,Arima_with_rain_d_1_Prophet,Arima_with_rain_d_0_sniave,Arima_with_rain_d_0_hw,Arima_with_rain_d_0AR,Arima_with_rain_d_0_Prophet,ensemble
2018-01-01,513.0,82.0,513.93694319345,421.2516403876699,517.4324582494821,516.4100927752077,516.4100927752077,524.8162293721357,518.9883554732951,522.0466139183384,522.0466139183384,531.2366678177116,524.8653134349304,509.63092142859637
2018-01-02,511.0,82.0,507.89228763616563,419.3932643991416,517.547868528353,515.8762822337723,515.8797032964662,524.362193597261,518.3299601734285,525.4524234025104,525.4560411892869,534.7268394201441,528.1393740644535,510.4794055835668
2018-01-03,509.0,82.0,559.4243901696668,417.715438752534,517.8274249698699,515.461198491407,515.4677743480459,524.1131236676964,517.7244727999138,529.2675626387696,529.2743850485977,538.7144705355189,531.7579526121278,511.574380341788
2018-01-04,507.0,82.0,515.1267960395235,416.2842539766773,517.8905136404146,515.0096169562264,515.0169479851418,523.8540584593718,517.0634595050741,532.9495702309433,532.9571384675291,542.5952785182719,535.2233116140064,512.6106202708108
2018-01-05,505.0,505.0,550.3177833098177,412.9569065988825,517.8360822372035,514.6379927491885,514.6452692713171,523.6661280366491,516.463401494053,536.4961934127022,536.5036264112894,546.3294747375769,538.5366749568866,513.3671954679822
2018-01-06,503.0,81.0,518.008875169619,411.257957074767,517.6397231159256,514.3461776039758,514.3524746117904,523.5167453301815,516.0980073687883,539.905292298979,539.9117895074723,549.8849002607845,541.8720037362659,514.3167001257469
2018-01-07,501.0,81.0,529.309390807018,408.0630174151437,517.3089261985082,514.1245335291251,514.1308170745857,523.4098769944346,515.8810952198849,543.1748417035874,543.1813378790375,553.2727923531473,545.1475010585547,515.0494205241621
2018-01-08,499.0,81.0,537.1463506176738,405.1326669760315,516.843098828534,513.9449099959438,513.9505885853144,523.303959533015,515.7843317104927,546.3029328356413,546.3088834231925,556.4787726156495,548.3588336049546,515.770141909648
2018-01-09,497.0,80.0,543.2721915612669,403.0797854177147,516.2438590775491,513.7738802829624,513.7793827655773,523.1714682755492,515.5675455236126,549.2877748729715,549.2936513038629,559.5080078881703,551.284029969084,516.49096627764
2018-01-10,495.0,80.0,548.0050436992265,401.2775046746637,515.5123832289785,513.5774519861432,513.582678207898,522.9760859756109,515.2813259028999,552.1276964108754,552.1333918466239,562.3563642803624,554.0239421442548,517.1429595326615
2018-01-11,493.0,80.0,551.2985435200547,399.77902847042105,514.6500867527361,513.324845843094,513.3291239994029,522.6701679898855,515.0156909148003,554.8211467846832,554.8260254800564,565.0060033555533,556.6891141238607,517.7456551358396
2018-01-12,491.0,79.0,554.2966263314815,396.4278727610091,513.6584467603265,512.9902874038024,512.9942109752697,522.2386699383783,514.6365669147012,557.3666972647648,557.3712801198335,567.4643389715816,559.1792801875347,517.9963333285793
2018-01-13,489.0,79.0,557.3005276680346,394.73455261429353,512.5390454087744,512.5536621375094,512.5568694872579,521.6556038738022,514.3414768959174,559.7630421227489,559.7669770844514,569.7237405939986,561.7091341454917,518.3784250129984
2018-01-14,487.0,79.0,559.0003021030825,391.5606986132881,511.2935562871288,512.0003651472775,512.0028943720024,520.9071364069712,513.97332260603,562.0089995678785,562.0122700119911,571.7821185942132,564.1368104202937,518.4586009139898
2018-01-15,485.0,78.0,561.9103216777668,388.65338827197047,509.92374536630075,511.3206899244393,511.32241345736395,519.9822298351122,513.5240409894159,564.1035125525678,564.1059056613478,573.6344914138595,566.4636035227389,518.4512273147637
2018-01-16,483.0,78.0,600.7931937251137,386.61286922226805,508.4314680828527,510.5089940997793,510.51010262886496,518.8814301253219,512.7610639986941,566.0456494463838,566.0472674958407,575.283373518407,568.4472561779927,518.3718539062803
2018-01-17,481.0,78.0,562.912343647589,384.8008648465858,506.8186673055921,509.5628111145521,509.5632468069755,517.6044097576836,511.7648211232593,567.8346045778221,567.8353698954201,576.7290860470546,570.1916901940183,518.1635194970737
2018-01-18,479.0,78.0,571.79111403864,383.2607011098372,505.08737096542797,508.4820145020126,508.4820145020126,516.1595666822924,510.66638338505425,569.4696986433999,569.4696986433999,577.9759209518797,571.8209417798699,517.8653247524718
2018-01-19,477.0,78.0,578.1260280779055,379.82779984291517,503.2396896659654,507.26809444792025,507.26809444792025,514.5628524614261,509.31251883981895,570.9503789837423,570.9503789837423,579.0451703472581,573.1738058217593,517.1725388013507
2018-01-20,475.0,78.0,583.056646566367,378.00655770561343,501.27781419664313,505.9235718685409,505.9235718685409,512.8219407189079,507.9509266812778,572.2762197264885,572.2762197264885,579.9433282552116,574.4939630868494,516.5867902799416
2018-01-21,473.0,78.0,587.3885446024888,374.6545896349755,499.2040129722208,504.4515520180548,504.4515520180548,510.94302867308056,506.4225151472501,573.4469217959995,573.4469217959995,580.6738130971846,575.6168501045413,515.6766604304133
2018-01-22,471.0,77.0,591.7293595446944,371.51712006304274,497.02062939626796,502.8554053737969,502.8554053737969,508.9319750948232,504.758782597219,574.4623127900004,574.4623127900004,581.2393135628301,576.5638951677855,514.6686792557207
2018-01-23,469.0,77.0,595.967552195784,369.1946985530211,494.7300791531467,501.1385560987808,501.1385560987808,506.7943970342411,502.8968776510352,575.3223467234441,575.3223467234441,581.6422753583275,577.274581436232,513.6242265010285
2018-01-24,467.0,77.0,599.8685810845263,367.0514324646655,492.3348474313214,499.30435577236284,499.30435577236284,504.53562224611807,500.83852383602857,576.0271036400339,576.0271036400339,581.8850173616083,577.7516906183024,512.4660741713052
2018-01-25,465.0,77.0,603.7635083999037,365.13497927898544,489.83748608135295,497.356020653438,497.356020653438,502.16065778977327,498.70517865179625,576.5767890919956,576.5767890919956,581.9697721296865,578.1167639429235,511.232205952494
2018-01-26,463.0,77.0,607.071694171912,361.2868494832804,487.2406107118901,495.2966131847636,495.2966131847636,499.67419178978423,496.40616911840107,576.9717334888397,576.9717334888397,581.8987093829721,578.2624645212109,509.6296677101427
2018-01-27,461.0,76.0,610.6340023452192,359.01904645357934,484.54689772707184,493.77887867175923,493.1290517877511,497.0806197725043,494.05518496993517,577.8995857109396,577.2123913160062,581.6739542824262,578.3044145827635,508.1276951115047
2018-01-28,459.0,75.0,613.5149075060544,355.1980306502164,481.75908130880885,492.1052128867231,490.8561365582144,494.38408481108354,491.59929632740204,578.5952490447667,577.299340224429,581.2976030264235,578.1880074875185,506.32269754926205
2018-01-29,457.0,73.0,617.0211735466039,351.5788009306568,478.8799503474751,489.87310224963414,488.48058182459164,491.58852290819783,489.0562318114062,578.6708577386603,577.2332799922103,580.7717364354372,577.9271715881112,504.4395344797607
2018-01-30,455.0,72.0,621.0430453337847,348.7722798424886,475.91234532459725,487.3872163549952,486.005049430751,488.697707702063,486.44868759076473,578.4269208054632,577.0150313597388,580.0984318069507,577.5554907010215,502.5631279697969
2018-01-31,453.0,71.0,625.0594927029326,346.1532060855882,472.8591551511804,484.62828827193675,483.4321789536278,485.71529086711917,483.7676655074494,577.879671944368,576.6455347397264,579.2797732308454,577.0594627073734,500.6140334053637
2018-02-01,451.0,69.0,628.6900350342916,343.7797873814246,469.7233139653563,481.9581650129882,480.764612853177,482.6603171636224,481.0222373068302,577.3597897830947,576.1258488037904,578.3342315495051,576.4563426393853,498.6083364578864
2018-02-02,449.0,68.0,632.2516392166362,339.5036749622526,466.50779789308444,479.0836572808237,478.00501582744437,479.5516765329641,478.1821541108161,576.5874561390915,575.4571489473385,577.2796056164193,575.69232580982,496.27242496251745
2018-02-03,448.0,67.0,636.0199126817382,336.8462958207548,463.2156217756747,476.20127866774715,475.1560884879983,476.39670688850106,475.27417661827883,575.7569468550723,574.6407256346602,576.1218635469512,574.8042182306375,494.0569621254321
2018-02-04,446.0,67.0,639.8678806817386,332.68253884758866,459.8498358679334,473.2132907204659,472.2205759701275,473.1977375125889,472.28651290820295,574.759824029536,573.6779826262615,574.8616731734428,573.7765174148299,491.56917179012197
2018-02-05,445.0,67.0,637.5202984793364,328.77459532945306,456.41352251076694,470.013903155815,469.20127233543235,469.9524766016305,469.2290761038605,573.4971376085355,572.5704350906133,573.4956760073368,572.6132487538589,489.0312878416191
2018-02-06,443.0,62.0,648.1003492401717,325.7391469869244,452.9097927821015,466.8462995309703,466.1010216892898,466.6626711608176,466.1089973349154,572.1902155984167,571.3197076026183,572.024515518988,571.3337172608656,486.524946292065
2018-02-07,442.0,61.0,650.7857959629628,322.9551095423515,449.34178312999677,463.5319492446299,462.9227168863022,463.32783331029407,462.9227168863022,570.6749734348518,569.9275320312258,570.4468466248353,569.9275320312258,483.9715088053167
2018-02-08,440.0,59.0,654.0138446469014,320.4831882309154,445.71265199185007,460.1497198810548,459.66929658309556,459.94920138946816,459.66929658309556,569.016962378224,568.3957453187548,568.7633087862539,568.3957453187548,481.3798042752736
2018-02-09,438.0,58.0,656.9986296459258,316.17580795814007,442.0255764035985,456.67112433267533,456.3437412560984,456.5277778268624,456.3437412560984,567.1808553869795,566.7262871546018,566.9743339211949,566.7262871546018,478.4804441163995
2018-02-10,437.0,56.0,660.3783202599508,313.5534540469481,438.28374860283196,453.15963246882916,452.94906865693287,453.06150391307244,452.957672452613,565.2285441605604,564.9211975461367,565.0774938831123,564.9302960927066,475.71680439929423
2018-02-11,435.0,55.0,663.9420894112943,309.488417865831,434.4903726297356,449.57108831467633,449.48832904505514,449.55081761022694,449.5048669842877,563.1279854782679,562.9826142897014,563.0725838561136,562.9997722974488,472.6972218223
2018-02-12,434.0,53.0,667.5949968586441,305.7387444360493,430.64866092977456,445.9646004243913,445.9646004243913,445.99485479898146,446.0369054676014,560.9127703447386,560.9127703447386,560.9581563198783,560.9887695606878,469.65543278526275
2018-02-13,432.0,52.0,671.9630718973826,302.9155704313811,426.76183096203073,442.3809839208775,442.3809839208775,442.3928540412269,442.5028271124977,558.7139911141912,558.7139911141912,558.732675266967,558.8401100503886,466.65510536244506
2018-02-14,430.0,50.0,674.7835564584921,300.3910545902999,422.83310181708646,438.74059937060133,438.74059937060133,438.74359728674654,438.9089209883651,556.3886916344136,556.3886916344136,556.3937981378338,556.5633823769176,463.62039327528305
2018-02-15,429.0,49.0,678.2866916598357,298.21815000166475,418.8656908483373,435.04658114119707,435.04658114119707,435.04679227502584,435.2673114150499,553.9393736779416,553.9393736779416,553.9397445460725,554.1668730609067,460.56131462077445
2018-02-16,427.0,47.0,681.9006119037599,294.2407732806887,414.8628103205929,431.30207417886135,431.30207417886135,431.30207417886135,431.56530605419323,551.3686227725627,551.3686227725627,551.3686227725627,551.641572487992,457.2064820057894
2018-02-17,426.0,46.0,686.0035740676001,291.9703984244728,410.8276640798025,427.51023025612096,427.51023025612096,427.51023025612096,427.97370976371786,548.6791051402234,548.6791051402234,548.6791051402234,549.1618784746217,454.03904019191293
2018-02-18,424.0,46.0,689.6565409502243,288.2700612921002,406.763444247709,423.67420438781437,423.67420438781437,423.67420438781437,424.4193027486968,545.873564559397,545.873564559397,545.873564559397,546.6496490059926,450.64974939861514
2018-02-19,423.0,43.0,693.0562071182128,284.8885635437756,402.6733279452055,419.79715138160833,419.79715138160833,419.79715138160833,420.87885979238786,542.9548191546266,542.9548191546266,542.9548191546266,544.0810153910787,447.2532134681147
2018-02-20,421.0,41.0,696.2026348750919,282.4280565383345,398.5604740481258,415.88222249228306,415.88222249228306,415.88222249228306,417.13737297712476,539.9257581170325,539.9257581170325,539.9257581170325,541.2265007015471,443.8710456854704
2018-02-21,420.0,40.0,700.8126984338846,280.2521998937976,394.42801997916035,411.93256215410736,411.93256215410736,411.93256215410736,413.275644808122,536.7893383596477,536.7893383596477,536.7893383596477,538.1870020666754,440.4483334719082
2018-02-22,418.0,38.0,703.8973627498979,278.4061376790406,390.2790785395413,407.9513047715281,407.9513047715281,407.9513047715281,409.4215709512406,533.5485811115284,533.5485811115284,533.5485811115284,535.0809604703306,437.02343992578335
2018-02-23,417.0,37.0,707.6218598006348,274.72684177578685,386.1167347840876,403.94157155422863,403.94157155422863,403.94157155422863,405.46859252419824,530.2065684546392,530.2065684546392,530.2065684546392,531.8099140307847,433.30229539157415
2018-02-24,415.0,35.0,711.1363894219088,272.7198458912051,381.9440429431479,399.9064673878219,399.9064673878219,399.9064673878219,401.62615495548573,526.7664398075822,526.7664398075822,526.7664398075822,528.5805861493966,429.77705554125544
2018-02-25,414.0,34.0,714.762651153068,269.2433531391147,377.7640233949172,395.84907773577993,395.84907773577993,395.84907773577993,397.74761647740615,523.2313883602986,523.2313883602986,523.2313883602986,525.2464068035254,426.02029150089004
2018-02-26,412.0,34.0,718.4998801184076,266.0425043453566,373.57965969154066,391.772465571577,391.772465571577,391.772465571577,393.84877232214296,519.6046574639179,519.6046574639179,519.6046574639179,521.8201678327157,422.25566878284314
2018-02-27,409.0,31.0,722.0202131376941,263.71698726717744,369.3938956423486,387.67966834249285,387.67966834249285,387.67966834249285,389.76805068001795,515.88953697998,515.88953697998,515.88953697998,518.128401049793,418.5182181605353
2018-02-28,403.0,29.0,725.506649836358,261.62918246438636,365.2096324574982,383.5736949681926,383.5736949681926,383.5736949681926,385.53720118926265,512.0893595933023,512.0893595933023,512.0893595933023,514.2152236188894,414.73966860662824
2018-03-01,398.0,28.0,729.4212351138033,259.82409109605555,361.02972595521766,379.4575228782241,379.4575228782241,379.4575228782241,381.29399140879974,508.20749709279244,508.20749709279244,508.20749709279244,510.2157084622097,410.96169460803947
2018-03-02,393.0,26.0,732.7804899156729,256.1395976457348,356.8569838357725,375.3340950930949,375.3340950930949,375.3340950930949,376.9454761670196,504.24735662454856,504.24735662454856,504.24735662454856,506.03894550105883,406.8929883231091
2018-03-03,389.0,25.0,736.4924231104328,254.083095529174,352.69416302518965,371.2063173537573,371.2063173537573,371.2063173537573,372.69807153213213,500.2123769216115,500.2123769216115,500.2123769216115,501.8879832229935,403.0250877325284
2018-03-04,384.0,23.0,740.1335775219651,250.5154638008124,348.5439670916885,367.0770553042512,367.0770553042512,367.0770553042512,368.4185307915105,496.10602451475586,496.10602451475586,496.10602451475586,497.6281092133711,398.93402881692464
2018-03-05,379.0,22.0,743.7169172531871,247.18518803322974,344.4090437376778,362.9491317320296,362.9491317320296,362.9491317320296,364.1403282565417,491.9317899287264,491.9317899287264,491.9317899287264,493.2906514090869,394.84838184475603
2018-03-06,374.0,20.0,747.894729318569,244.6958118690901,340.2919823700859,358.82532387019455,358.82532387019455,358.82532387019455,359.85650964706014,487.69318386833385,487.69318386833385,487.69318386833385,488.8793025500049,390.84507773916226
2018-03-07,369.0,19.0,751.1347909640972,242.41392145139096,336.1953117516923,354.708360765543,354.708360765543,354.708360765543,355.5608857490895,483.39373339883605,483.39373339883605,483.39373339883605,484.38957070245556,386.84548474792325
2018-03-08,364.0,17.0,754.2227841754637,240.3889143920374,332.1214977360323,350.600920716006,350.600920716006,350.600920716006,351.3187069155845,479.03697812502674,479.03697812502674,479.03697812502674,479.8932058669169,382.8747653240796
2018-03-09,359.0,16.0,757.369012193704,236.46311235664203,328.07294108834094,346.5056287807711,346.5056287807711,346.5056287807711,347.0570027839229,474.6264663734536,474.6264663734536,474.6264663734536,475.30005863431245,378.6446631464584
2018-03-10,354.0,15.0,760.96653072278,234.14825076383596,324.0519753949004,342.425054366118,342.425054366118,342.425054366118,342.85829099235826,470.1657513821776,470.1657513821776,470.1657513821776,470.70282007557023,374.617868590407
2018-03-11,349.0,14.0,764.4793689615137,230.30933863463162,320.06086506304314,338.361708889778,338.361708889778,338.361708889778,338.6808589788378,465.6583875024695,465.6583875024695,465.6583875024695,466.06012940057167,370.39392310769733
2018-03-12,344.0,13.0,768.2405430297192,226.69868559135756,316.1018034139551,334.3180435264327,334.3180435264327,334.3180435264327,334.5453108458465,461.10792641682406,461.10792641682406,461.10792641682406,461.39160427358877,366.19866800140767
2018-03-13,334.0,12.0,772.029825932012,223.92328540305232,312.1769108703102,330.29644703681004,330.29644703681004,330.29644703681004,330.4660199528715,456.5179133776423,456.5179133776423,456.5179133776423,456.7256451647985,362.1150727774922
2018-03-14,326.0,11.0,775.5818045892838,221.35276005659057,308.2882332406488,326.29924368269315,326.29924368269315,326.29924368269315,326.4244798014712,451.89188347090885,451.89188347090885,451.89188347090885,452.04213589266385,358.0612329123223
2018-03-15,318.0,10.0,779.0948818882873,219.03911660755236,304.4377401022989,322.32869123003366,322.32869123003366,322.32869123003366,322.42986516086694,447.2333579091503,447.2333579091503,447.2333579091503,447.35808490511863,354.0486131317756
2018-03-16,310.0,9.0,782.5760751227983,214.8268752920566,300.6273232845168,318.3869790422475,318.3869790422475,318.3869790422475,318.4601958322535,442.5458403579266,442.5458403579266,442.5458403579266,442.6380732716027,349.80226331009726
2018-03-17,302.0,8.0,786.0565664090159,212.2296006409406,296.85879545340265,314.4762262656642,314.4762262656642,314.4762262656642,314.6152419512182,437.8328133000572,437.8328133000572,437.8328133000572,437.992836485811,345.7893192078519
2018-03-18,294.0,7.0,789.7412379314039,208.11382578901552,293.1338888000225,310.59848010899395,310.59848010899395,310.59848010899395,310.8586206352938,433.09773444173936,433.09773444173936,433.09773444173936,433.37994444952153,341.609838596915
2018-03-19,286.0,6.0,793.6182018011768,204.2331631616867,289.4542538330453,306.7557142185752,306.7557142185752,306.7557142185752,307.1909297171262,428.3440331646561,428.3440331646561,428.3440331646561,428.8014095726143,337.4849063813669
2018-03-20,276.0,6.0,797.062508300789,201.19578629456936,285.8214582770736,302.94982715105425,302.94982715105425,302.94982715105425,303.4945717246113,423.5751070281161,423.5751070281161,423.5751070281161,424.13971920959216,333.4626754830234
2018-03-21,266.0,6.0,800.7414280895412,198.37248147615978,282.2369860777211,299.18264094504474,299.18264094504474,299.18264094504474,299.80057646279346,418.7943183252019,418.7943183252019,418.7943183252019,419.43389328945443,329.47473198082776
2018-03-22,249.0,5.0,804.0317956644924,195.81651573640667,278.70223651436066,295.45589979319726,295.45589979319726,295.45589979319726,296.17761366039963,414.00499069683246,414.00499069683246,414.00499069683246,414.75113766453336,325.54616056947
2018-03-23,232.0,4.0,807.3806051982631,191.37387370644186,275.21852342133593,291.77126881599867,291.77126881599867,291.77126881599867,292.5704841674087,409.2104058075766,409.2104058075766,409.2104058075766,410.0412487409249,321.39593491040773
2018-03-24,214.0,3.0,810.92749237982,188.55988914264412,271.7870745182987,288.1303329384991,288.1303329384991,288.1303329384991,289.163493361026,404.41380008697195,404.41380008697195,404.41380008697195,405.4920734068648,317.51134955997196
2018-03-25,196.0,2.0,814.8255709747667,184.24325559613987,268.40903085020335,284.5345958710444,284.5345958710444,284.5345958710444,285.85243794674204,399.6183615400236,399.6183615400236,399.6183615400236,400.99845951961333,313.4761373418543
2018-03-26,178.0,1.0,818.2428905330187,180.1802041621001,265.0854463373558,280.98547919496804,280.98547919496804,280.98547919496804,282.6227856254616,394.8272266304711,394.8272266304711,394.8272266304711,396.5466659873806,309.50756422039706
2018-03-27,160.0,0.0,821.7435504522582,176.9820284890092,261.81728743578384,277.4843215540713,277.4843215540713,277.4843215540713,279.2575894954993,390.04347724031834,390.04347724031834,390.04347724031834,391.90580994637253,305.62728911943054
2018-03-28,142.0,0.0,825.3536294684332,174.02315202548618,258.60543290806186,274.0323779525923,274.0323779525923,274.0323779525923,275.8380901424366,385.27013770903,385.27013770903,385.27013770903,387.1797466574081,301.78143163207966
2018-03-29,128.0,0.0,828.9660209268574,171.36098133679843,255.45067370458884,270.63081916023646,270.63081916023646,270.63081916023646,272.5033215039815,380.51017195569636,380.51017195569636,380.51017195569636,382.49881132359053,298.01197126260314
2018-03-30,115.0,0.0,832.4485879641529,166.84609647505883,252.35371295518848,267.28073122471216,267.28073122471216,267.291804325042,269.12396390935373,375.7664806873668,375.7664806873668,375.7781905329711,377.74281864429753,294.02297484424884
2018-03-31,106.0,0.0,836.1373491481779,163.99880388960534,249.31516607076537,263.98311509208366,263.98311509208366,264.0289200463389,265.9276394871058,371.0418986966461,371.0418986966461,371.08991170753166,373.1355268825388,290.31512273407697
2018-04-01,100.0,0.0,839.785827316912,159.6930373330242,246.33556095461915,260.7388863351252,260.7388863351252,260.8478619849598,262.7590482481625,366.33919225153664,366.33919225153664,366.4528945773195,368.52447488130105,286.461369570756
2018-04-02,96.0,0.0,843.4007999693832,155.6903969505475,243.41533832288872,257.5488749897273,257.5488749897273,257.7500706153304,259.6415221474409,361.66105658039714,361.66105658039714,361.8701865018091,363.92929094695853,282.68834213188745
2018-04-03,93.0,0.0,847.0355728727491,152.60751022136347,240.55485213346506,254.41382549927832,254.41382549927832,254.73334206068105,256.44651580090283,357.01011345477116,357.01011345477116,357.341554197557,359.22107892875385,279.04109903709656
2018-04-04,91.0,0.0,850.791068736804,149.8239143624392,237.7543701225835,251.33439676681093,251.33439676681093,251.79783051809187,253.17391369448924,352.38890887271884,352.38890887271884,352.86911260112595,354.40941640071503,275.44398291737184
2018-04-05,89.0,0.0,854.35934681363,147.40170967343926,235.01407444817517,248.3111623145775,248.3111623145775,248.94228054023125,249.97410862124235,347.7999108451612,347.7999108451612,348.4537056599421,349.64853830814326,271.943186301364
2018-04-06,87.0,0.0,857.9493930950127,143.1955412968056,232.3340624389315,245.34461055058438,245.34461055058438,246.16629567766395,246.76276831375915,343.24550728762284,343.24550728762284,344.0972112328749,344.8491473409921,268.2493930174043
2018-04-07,85.0,0.0,861.5862268378339,140.72894201071261,229.71434744790722,242.43514514149058,242.43514514149058,243.4693098800059,243.6790289408871,338.7280040196266,338.7280040196266,339.8013495813101,340.15154412848426,264.838458893803
2018-04-08,83.0,0.0,865.187885537305,136.87802905319813,227.1548598093632,239.58308549114585,239.58308549114585,240.84839244165357,240.63724414992714,334.24962287386586,334.24962287386586,335.56559161680144,335.47193273604586,261.2985947715002
2018-04-09,82.0,0.0,868.6373796682242,133.40535287091848,224.65544789742742,236.78866732391782,236.78866732391782,238.30194426714465,237.657459435473,329.81249991714344,329.81249991714344,331.39053001504317,330.82962832343026,257.85519125631225
2018-04-10,81.0,0.0,872.2951496596263,130.9270890691156,222.21587928502942,234.05204337183122,234.05204337183122,235.82745843312986,234.75676172218084,325.41868378493314,325.41868378493314,327.2758290188539,326.25545094424126,254.5911494536644
2018-04-11,80.0,0.0,876.1123494825706,128.82078042031776,219.83584200144463,231.37328416441895,231.37328416441895,233.42218276930356,231.92723212985706,321.0701341312771,321.0701341312771,323.22072978732655,321.7410337375446,251.42640239268627
2018-04-12,79.0,0.0,879.6602786554154,127.14488503789426,217.51494588666765,228.7523789200605,228.7523789200605,231.08284885247267,229.1935688072462,316.7687201955979,316.7687201955979,319.22363374151337,317.321256649591,248.37527976138043
2018-04-13,78.0,0.0,883.2326548354272,123.74869395308461,215.25272404071688,226.1892365374626,226.1892365374626,228.80659403407253,226.50727329842954,312.51621948785714,312.51621948785714,315.28298819565873,312.92815471613784,245.15398553292746
2018-04-14,77.0,0.0,887.1195345519396,122.14865539266279,213.04863436586058,223.68368668581687,223.68368668581687,226.59037764402223,223.9061513709449,308.3143165933515,308.3143165933515,311.3969163567371,308.6127177003567,242.21268201371907
2018-04-15,76.0,0.0,890.3162837356258,119.21210215912132,210.90206119964358,221.23548099205135,221.23548099205135,224.43177736330568,221.37267642720036,304.1646020982921,304.1646020982921,307.56363525618053,304.35765788066465,239.15499917205744
2018-04-16,75.0,0.0,894.0060782192004,116.69118197896898,208.81231703648572,218.84429432347667,218.84429432347667,222.32983914329898,218.91586088181114,300.0685716371647,300.0685716371647,303.78376488776627,300.1707398954907,236.20207122305789
2018-04-17,74.0,0.0,897.8853266162757,115.19018252493149,206.7786443355173,216.50972616401404,216.50972616401404,220.2838203221032,216.5429240475206,296.0276250627245,296.0276250627245,300.0583295137088,296.0756124398363,233.43335805129453
2018-04-18,73.0,0.0,901.2554748053863,114.0734567902367,204.800217412215,214.23130208207982,214.23130208207982,218.2929100614358,214.24604910502723,292.04306573932604,292.04306573932604,296.3882630439285,292.0616161518884,230.76711004826717
2018-04-19,72.0,0.0,905.0568917135552,113.38520211821366,202.8761444113018,212.00847528809342,212.00847528809342,216.35623130291467,212.0193262883186,288.116099960145,288.116099960145,292.77440889178007,288.1304893326257,228.20829719917413
2018-04-20,72.0,0.0,908.313310362596,110.95965173541732,201.00546935827776,209.84062827946684,209.84062827946684,214.47284280291024,209.8474957896866,284.2478364886946,284.2478364886946,289.21751994448437,284.2573719601492,225.48110204488586
2018-04-21,72.0,0.0,912.3149039205161,110.29771019526623,199.18717428685562,207.72707457083123,207.72707457083123,212.6417412432788,207.75351392111818,280.43928622489216,280.43928622489216,285.7182586480314,280.46902215569406,223.02922265574597
2018-04-22,71.0,0.0,915.8842298308105,108.25102188088866,197.42018143948522,205.66706050715413,205.66706050715413,210.86186341519834,205.72132295860555,276.6913619957788,276.6913619957788,282.2771972061838,276.74911128389556,220.4548900858988
2018-04-23,71.0,0.0,919.5942139957572,106.55626399994074,195.7033555380641,203.65976715730181,203.65976715730181,209.13208847323907,203.79282330245292,273.0048784708478,273.0048784708478,278.8948178930701,273.1440069513055,217.98600022327776
2018-04-24,71.0,0.0,922.8450098320036,105.80284638915293,194.03550612184824,201.70431228550657,201.70431228550657,207.4512402567167,201.9003768202597,269.3805522017837,269.3805522017837,275.5715134787177,269.5831067238539,215.67868178472992
2018-04-25,71.0,0.0,926.4232489780154,105.34121372279753,192.41538994949903,199.79975239810557,199.79975239810557,205.81808967529602,200.06013360989226,265.81900178626717,265.81900178626717,272.3075877667403,266.08896205301335,213.45626637020138
2018-04-26,71.0,0.0,930.0851229073958,105.2029929360297,190.84171346212452,197.94508486282857,197.94508486282857,204.23135715573414,198.29798026323795,262.3207481553495,262.3207481553495,269.1032562432557,262.68526269663334,211.32854947189918
2018-04-27,71.0,0.0,933.5552153301651,103.21153411608535,189.31313530410372,196.1392500978267,196.1392500978267,202.68971514658034,196.59095951004093,258.8862149837534,258.8862149837534,265.95864683597654,259.355220173932,209.0180845210374
2018-04-28,71.0,0.0,937.2130018470882,102.85886588785272,187.8282688984129,194.3811338275509,194.3811338275509,201.19179067758017,195.11294020079882,255.51572922230696,255.51572922230696,262.8738007822827,256.27761489213776,207.00501804861534
2018-04-29,70.0,0.0,940.5511173589606,100.99004459219607,186.38568507310973,192.66956940251006,192.66956940251006,199.73616797046606,193.78101624709797,252.20952175157328,252.20952175157328,259.8486736049525,253.36719139383712,204.87348375446786
2018-04-30,70.0,0.0,944.0764654356196,99.33767967849474,184.98391473557137,191.0033401798633,191.0033401798633,198.3213910977559,192.5753434137125,248.9677281555906,248.9677281555906,256.8831361940998,250.60515130633434,202.83471059517782
2018-05-01,70.0,0.0,947.4821870492467,98.48980974472167,183.6214515910258,189.3811819617299,189.3811819617299,196.94596668612408,191.26989758128286,245.79038961449487,245.79038961449487,253.9769759937343,247.7520188395657,200.9034615015849
2018-05-02,70.0,0.0,951.1062155836569,97.79831832308827,182.29675490186548,187.80178548803082,187.80178548803082,195.60836666085675,189.9518981242448,242.67745391465377,242.67745391465377,251.12989829124092,244.91796289266716,199.022804824581
2018-05-03,70.0,0.0,954.6800337770035,97.29912733778471,181.00825228418418,186.2637989806131,186.2637989806131,194.3070310278551,188.75433638242532,239.6287765747993,239.6287765747993,248.34152760794396,242.22751203615314,197.22879527896987
2018-05-04,70.0,0.0,958.5505338736996,94.82271339657169,179.7543425379344,184.765830735348,184.765830735348,193.040370689606,187.55672034158576,236.64412208650856,236.64412208650856,245.61140918880514,239.57003357711534,195.22069281918434
2018-05-05,70.0,0.0,962.0630739609487,93.87096677357995,178.53339850706567,183.3064517588367,183.3064517588367,191.80677029150047,186.5687027394263,233.72316526724458,233.72316526724458,242.93901058918416,237.1527852144342,193.487656392659
2018-05-06,70.0,0.0,965.5238016376401,91.30137321119211,177.3437699659678,181.8841984463069,181.8841984463069,190.60459109484418,185.6308914171307,230.8654927240337,230.8654927240337,240.3237233564725,234.81833684397066,191.59654713248983
2018-05-07,70.0,0.0,968.9541081631942,88.86130380699876,176.1837865285147,180.49757529723374,180.49757529723374,189.4321738728742,184.7573385622844,228.07060442572453,228.07060442572453,237.76486480429966,232.5781513416009,189.76822482994135
2018-05-08,70.0,0.0,972.7569997994361,87.15559223693123,175.05176057597868,179.1450576651769,179.1450576651769,188.28784182607063,183.70664009104442,225.33791538164343,225.33791538164343,235.26167987689888,230.17721131701595,188.015462371345
2018-05-09,70.0,0.0,976.6445611615503,85.55459510204349,173.94599020006325,177.82509453828425,177.82509453828425,187.1699035130282,182.57819509353124,222.6667574243337,222.6667574243337,232.81334310111157,227.73420337952257,186.28601029398976
2018-05-10,70.0,0.0,979.6139689464881,84.11398172812673,172.86476215728814,176.53611134687884,176.53611134687884,186.07665579313797,181.52637528776742,220.05638109394187,220.05638109394187,230.41896062340598,225.3988612136301,184.62401115552217
2018-05-11,70.0,0.0,982.82843738739,80.68480848414428,171.80635483094625,175.27651279451408,175.27651279451408,185.0063867773143,180.3909731545645,217.50595762169303,217.50595762169303,228.07757232918232,223.01088833518534,182.71993179094304
2018-05-12,70.0,0.0,986.1304714162716,78.78990862347966,170.76904119684679,174.04468570885567,174.04468570885567,183.9573787829972,179.42765424639722,215.01458100977896,215.01458100977896,225.78815404154105,220.82315569642859,181.07681991329065
2018-05-13,70.0,0.0,989.3970394040247,75.30758986492837,169.75109178905467,172.8390019087274,172.8390019087274,182.9279112896532,178.47000905669802,212.58127020486688,212.58127020486688,223.54961979659296,218.6697511920108,179.26203063781654
2018-05-14,70.0,0.0,993.3987594952002,72.00543767888803,168.75077766183966,171.65782108363945,171.65782108363945,181.91626389100207,177.5551787302149,210.2049713623269,210.2049713623269,221.36082419230195,216.58274865984353,177.50425290750704
2018-05-15,70.0,0.0,996.7598099713275,69.5074164850446,167.76637334405393,170.49949368210486,170.49949368210486,180.92071924020073,176.45518141435338,207.88456019816644,207.88456019816644,219.22056480776166,214.332284545526,175.82332421465145
2018-05-16,70.0,0.0,999.9951620034453,67.2014773920047,166.7961597821684,169.36236380504147,169.36236380504147,179.93956598422653,175.28362587280296,205.61884442555677,205.61884442555677,217.12758468972467,212.0496177926366,174.17240496802026
2018-05-17,70.0,0.0,1003.2078129816568,65.15893117021798,165.83842726821396,168.2447721005518,169.20785652352293,178.97110168371606,174.1924062010238,203.4065662727351,204.42503170345313,215.08057490312268,209.88612468293874,172.84505676702616
2018-05-18,70.0,0.0,1008.6666414365668,61.24415304451672,164.89147834889297,167.14505865637352,173.49766564971003,178.01363571453697,173.02054004127126,201.24640507897018,207.92726818792949,213.0781771422405,207.6671522287185,172.41750879472707
2018-05-19,69.0,0.0,1012.588556267662,58.99066064899095,163.953630712152,166.0615658862986,178.84988072529234,177.0654921473913,172.0400892348522,199.1369799651859,212.4356365489752,211.11898639913505,205.67180983728684,172.5157732817595
2018-05-20,69.0,0.0,1015.6649887907106,55.28456620762434,163.0232200475355,164.99264140686753,180.6700564505492,176.12501260177967,171.08707752822002,197.07685257574926,213.25976601150015,209.2015536858231,203.7368276711855,171.54851002552715
2018-05-21,69.0,0.0,1018.9064342705417,51.89820798986999,162.09860287667289,163.93664090065863,179.72398054732594,175.19055907068702,170.19971442504232,195.06452988784395,211.25779135117136,207.3243888066972,201.89546917430187,169.94858928022109
2018-05-22,69.0,0.0,1022.2275190532908,49.45715834575881,161.17815935029117,162.89193096251108,177.35363275325355,174.2605167123881,169.14972694313158,193.09846708477286,207.97822427438314,205.48596317757193,199.91759793860825,168.0976224369233
2018-05-23,69.0,0.0,1025.6607740911695,47.34781989690137,160.26029600818555,161.85689192504248,175.5373024325212,173.33329660581188,168.04912655991282,191.17707048945465,205.33508676190624,203.6847126877065,197.93277946068721,166.4350525517041
2018-05-24,69.0,0.0,1029.551387549215,45.636869261210904,159.34344849862845,160.8299206598481,173.6566057377902,172.40733846595168,167.04700295704095,189.29870055431064,202.7173362082603,201.9190406010996,196.08936763600178,164.85212617074797
2018-05-25,69.0,0.0,1033.05941952212,42.181113283103684,158.42608425374743,159.8094333508011,171.9602170521835,171.48111331585517,165.97850323217983,187.461674903671,200.4013310050923,200.18732049330728,194.20849608002374,163.10302233943662
2018-05-26,69.0,0.0,1036.5682043679174,40.503795220597084,157.50670511745818,158.79386823590758,170.20759072631625,170.55312611178442,165.11093040996946,185.66427142476758,198.0909352276957,198.48789921999366,192.56404896442555,161.62812887478003
2018-05-27,69.0,0.0,1040.0558724264545,37.47834587564364,156.58384992259704,157.78168831421124,167.6808094106584,169.62191831819482,164.27486955576933,183.90473140332406,195.06382803920576,196.81909991338603,190.98673340815054,159.8136818054507
2018-05-28,69.0,0.0,1043.635574732112,34.862376609581446,155.65609701396136,156.77138401428473,165.4280934615107,168.68607042924157,163.50264327118225,182.18126269970116,192.27401968360087,195.17922500277535,189.5032333679662,158.13646985497746
2018-05-29,69.0,0.0,1047.11040773571,33.265101626532896,154.72206671403268,155.76147582089553,163.0701202304514,167.74420443359315,162.55989025626872,180.49204296150936,189.3660517461418,193.56655925517626,187.87653678232255,156.52131638056494
2018-05-30,68.0,0.0,1050.6590249658018,32.05538963589407,153.78042372822966,157.34982439251593,160.50627492095967,166.7949862193963,161.55258565100334,181.5840004482901,186.19546616239606,191.97937283223595,186.22930747680897,154.8867258283655
2018-05-31,68.0,0.0,1054.3225754047114,31.28169158075565,152.82987948661122,158.7334007281811,157.84887232426095,165.83712791631507,160.62408597812203,182.39256468731264,182.79410731735987,190.41592435946546,184.70324231365225,153.2918664095678
2018-06-01,68.0,0.0,1058.6449562579692,28.782395844584727,151.86919441902927,158.28991913905801,155.3449927538776,164.86939017164326,159.6043486365857,181.36158014703946,179.40518971419016,188.87446400385338,183.1133242901888,151.4829124792441
2018-06-02,68.0,0.0,1061.7136360219954,28.06263434372127,150.89718016081432,157.22607665092661,152.9421027942153,163.89058435756897,158.75625141376094,179.68788942401562,176.027349272079,187.3532365559121,181.72803717863468,149.9571720095883
2018-06-03,68.0,0.0,1064.736702509886,25.978520366799273,149.91270168615952,155.45295570234902,150.93240884775443,162.89957470675853,157.9069125850511,177.430741422413,172.95773057348788,185.85048451220524,180.37365523751453,148.35149856446628
2018-06-04,68.0,0.0,1067.281313964095,24.271601303471584,148.91467936646197,154.40612772717412,149.63191908792948,161.89528037351172,157.08630652879464,175.90668131994525,170.9709174027283,184.36445115440438,179.07358029622395,147.02609193919074
2018-06-05,68.0,0.0,1068.4276014234242,23.536700573776386,147.90209095096844,152.900976964438,148.5864111509208,160.87667741783528,156.05896280062444,173.98979310360534,169.4685643365934,182.89338362093082,177.58881144240655,145.86395028675702
2018-06-06,68.0,0.0,1065.2764212104767,23.130336908654755,146.87397346717196,151.71160473085274,147.5308440118572,159.84280070987336,154.93106294133275,172.45007288457867,167.98518800292982,181.4355359672461,176.04141363266268,144.72139445521609
2018-06-07,68.0,0.0,1093.487716341207,23.090957172840177,145.82942503850182,155.2003744950594,147.01816050814793,158.79274575223454,153.84751485463005,175.8856338253301,167.10474433938072,179.98917221087396,174.5739220327075,143.78083023866458
2018-06-08,68.0,0.0,1097.140656092737,21.24952542546714,144.7676066169523,157.7956044930442,147.64126366845238,157.7256704178535,152.64115327538136,178.27772694019447,167.43208396280485,178.55256935725396,173.00359075414445,142.87668293478873
2018-06-09,68.0,0.0,1103.9344372610278,21.106484951618114,143.68774362840048,157.48599046376808,147.76984512031677,156.64079660113163,151.57899197965776,177.65374897790701,167.23052109293957,177.12402040255222,171.60255125587182,142.09261937906106
2018-06-10,68.0,0.0,1081.208840752162,19.516069700090554,142.58912752846985,155.7596285031529,146.9176921726331,155.53741178020493,150.49343010369438,175.54622143002712,166.04141391289784,175.7018373095858,170.20199534982794,140.87487223217556
2018-06-11,68.0,0.0,1086.1383401645955,18.220746234590507,141.47111726690667,152.75871196855002,145.61882401461835,154.41487048829862,149.42071086442823,172.3202385173886,164.42520741816213,174.2843539530503,168.83135822009797,139.5858985575191
2018-06-12,68.0,0.0,1092.7748284805193,17.818960937181487,140.3331406585486,150.99072328840646,144.13853037943034,153.27259569223958,148.1324254580235,170.24204874241642,162.68907002069272,172.86992903027823,167.25859140065825,138.3141554471316
2018-06-13,68.0,0.0,1098.8039621745477,17.673383506061697,139.17469565907925,148.52712332234364,142.8822259635107,152.11008007630932,146.7423825632427,167.48856120253254,161.19573225668333,171.45694893380124,165.61339821366354,137.10610589654397
2018-06-14,68.0,0.0,1103.6505341719171,17.830888223235547,137.99535154388056,146.5996945369538,141.47217620796,150.92688722974003,145.4034305694795,165.3364225459137,159.59282505678684,170.04383058203604,164.04637593143553,135.91397066806925
2018-06-15,68.0,0.0,1107.9897794399903,16.132823221638887,136.79474998841113,144.91166597244427,140.17733984643326,149.7226527362713,143.9563892366965,163.33279473089067,158.13860446720463,168.62902420446432,162.38298182981438,134.4918206913668
2018-06-16,68.0,0.0,1112.0035850493698,16.09159406112147,135.5726060486629,142.58358452528768,138.72039866359245,148.49708516430735,142.67602527065986,160.99897534962918,156.54427688900358,167.21101607773852,160.90339767766807,133.2770499815943
2018-06-17,68.0,0.0,1115.79291334276,14.574549394922542,134.32870904036827,141.1279475929814,137.10674625794294,147.24996695633524,141.40198337772517,159.4624127815748,154.811243279524,165.7883312092,159.44641736143632,131.83849335968182
2018-06-18,68.0,0.0,1119.1946204703759,13.337962626690086,133.06292331575594,139.0810989531866,135.62181749542395,145.9811552163895,140.1769803601067,157.350058030608,153.19910539651264,164.35953596436715,158.04834298384242,130.47347791988608
2018-06-19,68.0,0.0,1122.818428625939,12.99429816665696,131.775188936778,140.10625856172493,134.157498070969,144.69058239447213,138.77806406878733,158.43900240260888,151.62579848266404,162.92324063501655,156.48298916375683,129.17845748988762
2018-06-20,68.0,0.0,1126.8698840647498,12.919967872399724,130.46552224385903,144.3731217157071,133.91721600541496,143.37825686696468,137.32326616045737,162.7298019257759,151.32264233058237,161.47810194455585,154.8846773552756,128.21120634743872
2018-06-21,68.0,0.0,1130.771813048613,13.174833940705383,129.1340163193455,146.22378126014877,133.43260280367878,142.04426341219676,135.96824349696752,164.28954346752622,150.68588140678014,160.022825487463,153.40717299478572,127.23372998274034
2018-06-22,68.0,0.0,1134.113794307629,11.612023082627047,127.78084134496294,144.71001234640448,132.0603315845539,140.6887635804619,134.55507155575992,162.33677517899062,149.1125985682704,158.5561680996496,151.87749013563564,125.78041099399017
2018-06-23,68.0,0.0,1137.3439358222167,11.754092271753649,126.40624485271891,141.712379199956,130.34357112064163,139.31199595790488,133.3581297131128,158.74436438745454,147.1519975653525,157.0769401566896,150.57564430133027,124.49732699243803
2018-06-24,68.0,0.0,1140.8889882839546,10.476546787607646,125.0105518688201,140.94063376136907,128.46305378050857,137.9142763238308,132.21499387333316,158.05326133072197,145.08080625917773,155.58400779694466,149.33848292331277,123.01033995169193
2018-06-25,68.0,0.0,1144.4058413683786,9.54151596429054,123.59416495030328,140.5230611298712,127.04319557848842,136.4959977011211,131.1646463021005,157.65370546258592,143.58157941618535,154.0762950667091,148.19858168369365,121.7119970828615
2018-06-26,67.0,0.0,1148.2003278009217,9.564784982263006,122.15756411421219,140.09137114216813,126.16036528301075,135.0576302995691,129.9788050742642,157.39549652681586,142.6865531935332,152.5527859845942,146.92430766984998,120.6353495751621
2018-06-27,66.0,0.0,1151.8382100681722,9.923395935770202,120.7013066592832,139.518159966538,125.35262095920763,133.59972135208227,128.76870093178155,156.92878926099667,141.85245050432704,151.01252652246976,145.6429304779449,119.60670666785833
2018-06-28,65.0,0.0,1155.4351675640296,10.675079767585657,119.22602688023582,137.4829379016503,123.92693186568934,132.12289484382794,127.68189351053792,155.1102892310796,140.38787126027594,149.45462650038502,144.4997315305842,118.49688201989024
2018-06-29,64.0,0.0,1158.8328712104808,9.668086730774121,117.73243567489584,135.3466339480492,122.88080061737088,130.6278511345322,126.55128576499175,153.06659774452447,139.34266190691653,147.87826139299455,143.3120319190592,117.24917689269189
2018-06-30,63.0,0.0,1162.3486071694495,10.41745589710888,116.22132004450941,132.1579337989097,121.75192244594066,129.11536647427207,125.64127037524375,149.95698877378834,138.17976973516102,146.28267404512587,142.34921346054574,116.24487405973844
2018-07-01,61.0,0.0,1165.8167235989465,9.788722039204458,114.69354248773999,129.06544141280546,120.1267489300626,127.58629241323247,124.7789161662296,146.8731100845939,136.49748549659034,144.66717629423493,141.43685477283898,114.94696732501667
2018-07-02,60.0,0.0,1169.2818081953396,9.53186032991266,113.15004028896846,125.35204537933464,118.17267212115738,126.04155510602936,123.99249580365353,143.09207779453016,134.4508746869585,143.0311504976113,140.59596181847374,113.62082633159562
2018-07-03,59.0,0.0,1172.9916058496585,10.24865978575815,111.59182470164865,121.77508418449213,116.0425240419417,124.48215451133163,123.04314768750231,139.28497099072604,132.22448522710602,141.3740509623111,139.5833839126159,112.32377885377693
2018-07-04,58.0,0.0,1176.483122243632,11.300729034196507,110.01998002759845,119.76605191806655,114.16726711734358,122.90916348764134,122.03198973843968,136.99146838453748,130.2025363733851,139.6954052759154,138.5152856716381,111.10529459076977
2018-07-05,57.0,0.0,1180.0376203977478,12.729384369414902,108.43566259323583,117.43130263108512,112.5625444585512,121.32372678622133,121.09726663157636,134.17484880751124,128.47953254709074,137.9948155363337,137.5266140827885,110.01869337565157
2018-07-06,56.0,0.0,1183.5077967952527,12.365974487206927,106.84009962389544,115.0966615184154,111.23728593390186,119.72705994228474,120.06367891834591,131.4149491921931,126.95377176788986,136.271959478994,136.4254698356404,108.73566249851987
2018-07-07,55.0,0.0,1186.92600097738,13.708667885112988,105.23458801748725,113.59807692843805,109.54795231417083,118.12044806568827,119.18881777184001,129.83848345635994,125.16341344635185,134.52659149989125,135.47344669709952,107.62049071220525
2018-07-08,53.0,0.0,1190.6445343784064,13.60668588112,103.62049301888368,113.21496289770286,107.56024456693413,116.50524453249227,118.29460399103829,129.35124955366575,123.04452283114725,132.75854357308768,134.49005042701123,106.2350486027143
2018-07-09,52.0,0.0,1194.3112768395947,13.794765926617941,101.99924679654302,112.14946219113696,105.5141934729117,114.88286957887692,117.40602408858132,128.03392542664898,120.83684757501484,130.9677260613935,133.49216731082387,104.86173010134539
2018-07-10,51.0,0.0,1198.1156254760292,14.86103044519956,100.3723469229987,113.79462402560497,104.66831904751257,113.25480879901988,116.28294917045176,129.4779405221321,119.8518951304362,129.1541284190841,132.234665160468,103.83501788689634
2018-07-11,50.0,0.0,1201.610004556875,16.155449618348086,98.74135476096262,114.85288447080447,103.62452382145963,111.62261154866454,115.0273485563045,130.3137760697133,118.59425276171025,127.31781978564338,130.8339906167442,102.73966893372963
2018-07-12,49.0,0.0,1205.0664307416987,17.710133915356835,97.10789375690788,123.41937307258084,103.23829299418384,109.98788925621997,113.78047561033003,139.1015116084481,117.98587668035572,125.45894946965677,129.42769701392046,101.83715108711644
2018-07-13,48.0,0.0,1208.6430806168753,17.349998009537018,95.4736476441098,130.3677413389911,102.60859811592337,108.35231364335243,112.37217194783275,145.88850913659886,117.08330783628426,123.57774732211126,127.82880892524513,100.58082418054948
2018-07-14,47.0,0.0,1212.144559364371,18.56981112659531,93.84035855723857,129.31303675768984,100.61787070848823,106.71761485713787,111.06721337968986,144.5806909914251,114.81444191638161,121.67452399849708,126.3060861644353,99.20099008855799
2018-07-15,46.0,0.0,1215.9020765303776,18.218607986478844,92.20982506070408,127.05105784492389,98.77239870360125,105.08557951595543,109.69659779535459,141.8939543732231,112.58107117386017,119.74967110924047,124.68829980583374,97.62525639387857
2018-07-16,44.0,0.0,1219.3338840105228,18.0342386490168,90.5839000930635,121.1246354113164,96.47644911049335,103.45804867140964,108.29607128982929,135.92859911808205,110.01641616539163,117.80366125813497,123.00349343198855,95.95903483366597
2018-07-17,43.0,0.0,1222.6673051086175,18.611228766095365,88.96448882990435,118.44629210760058,94.69526633765508,101.83691568867368,106.63768355765484,133.0975717513411,107.92853837905474,115.83704796857626,121.01931758982246,94.4413108896796
2018-07-18,42.0,0.0,1226.03628624875,19.30913770232712,87.35354646771853,114.07899346780766,92.59062953533854,100.2241240477463,104.83669151272966,128.62270747030306,105.48900534635018,113.85046549754216,118.86630828569704,92.81498854943119
2018-07-19,41.0,0.0,1229.976416147093,20.172652186911733,85.75307593138263,110.07868339640535,90.87133427109671,98.6216650682164,103.04839711754019,124.63130520964035,103.44002128166039,111.84462853739934,116.69705245497651,91.30610335614799
2018-07-20,40.0,0.0,1233.677263086821,19.041961796733688,84.16512550795255,106.74304894397474,89.24957050400104,97.03157556022308,101.11707536468771,121.07837687067408,101.41267868427911,109.82033180575411,114.340156635294,89.52230948236566
2018-07-21,39.0,0.0,1237.053560718555,19.429438658361107,82.59178640957583,101.16403561169213,87.02823625087709,95.45593540438975,99.32192653383035,115.42323141845867,98.73712407878665,107.77844952370376,112.08009287599178,87.80287371693954
2018-07-22,38.0,0.0,1240.3992960788578,18.20360536136411,81.03519026841232,97.30607973034842,85.05236749052389,93.89686506360695,97.50796435523608,111.13336850920527,96.27742640220262,105.71993478298089,109.76104652403833,85.93180003104564
2018-07-23,37.0,0.0,1243.8273365490766,17.12318144991346,79.4975065665408,92.23967510782919,83.26808614477073,92.3565230296154,95.72414814800572,105.47200485334827,93.99237558187963,103.64581880262077,107.42575163775865,84.12917392013816
2018-07-24,35.0,0.0,1247.2869273958495,16.80439394107148,77.98094000390927,87.68670710878826,81.63199562368962,90.83710320742946,93.75456169955066,100.07976484290322,91.74565984985236,101.55721007591814,104.85541464387904,82.3959098806625
2018-07-25,34.0,0.0,1250.871433615761,16.62875477692114,76.48772780746768,82.9302231845223,79.52691512096797,89.34083224071821,91.72496921511447,94.29382342938104,88.95094719797828,99.45529340857257,102.19260941418423,80.53850614774058
2018-07-26,33.0,0.0,1254.4556231917638,16.662559375620617,75.02013698469509,78.99143953304025,77.53299530557834,87.869966781335,89.7993449703196,88.85666912762483,86.14225294628281,97.34132884906006,99.60009837953402,78.7460854490532
2018-07-27,32.0,0.0,1257.941124695006,14.766669668957462,73.58046152480375,75.42380386419273,75.66581247615275,86.4267907062601,87.8285422094686,84.07088532140759,83.54178917798035,95.21665051239546,96.91450656920566,76.74265285565302
2018-07-28,31.0,0.0,1261.6711407826822,14.472621189973523,72.17101955097155,72.57723664589525,74.10368347101357,85.01361228528597,86.09604366216234,79.52014705081874,81.1508043663157,93.08266529858764,94.42593191091458,75.0645477169031
2018-07-29,30.0,0.0,1265.5292607149047,12.666054965801123,70.79415042701527,71.00858668229282,72.82193585498368,83.63276130283921,84.44871194515625,77.18963793319708,79.12679518617307,90.94085150721517,91.98162408364635,73.30161065910377
2018-07-30,29.0,0.0,1269.2916248883646,11.120280437442943,69.45221182197733,70.80327960013827,71.43074107013399,82.28658613739427,82.93485272201622,76.25090429391759,76.94320430502893,88.7927573496815,89.62472342683961,71.57316965881435
2018-07-31,27.0,0.0,1272.8424705205605,10.463169330108514,68.14757673615398,70.5022797729481,69.84319720113078,80.97745080198399,81.33539619579042,75.11881083515595,74.51131414459022,86.63999936083147,87.13416418002976,69.88153349382739
2018-08-01,26.0,0.0,1276.4279846406946,10.084596041111723,66.8826304921416,69.32271266483872,68.13593644932897,79.70773194937212,79.77052796989483,73.03902930007933,71.90838898922857,84.48426071174148,84.64762666120316,68.20271240800281
2018-08-02,25.0,0.0,1279.9239235207926,10.05568916880486,65.65976769452658,67.86039753348985,66.53799592689742,78.47981584548864,78.39636447014465,70.6001562538734,69.36377315078843,82.32728942561099,82.3204921394408,66.6426484777128
2018-08-03,24.0,0.0,1283.5667305166671,8.238465501966289,64.48138916188535,67.82685516116288,64.96460426107242,77.29609531478152,77.05383490394215,69.68696538698089,66.79970030263001,80.17089649880862,79.97972413430531,64.87308875992396
2018-08-04,23.0,0.0,1286.986594898482,8.161891184873468,63.349898834797756,68.05934132906,64.10536395086962,76.15896666117024,76.01470651964888,68.90729693138533,64.92124255085989,78.01695392924103,77.90375409809624,63.57909721619464
2018-08-05,22.0,0.0,1290.4425822672754,6.705373009346403,62.26770066361328,67.33977462571858,63.26571256573001,75.07082656832333,75.112663926751,67.13343581217211,63.01917483832477,75.8673926543301,75.9264963073094,62.154417566716035
2018-08-06,21.0,0.0,1293.8865991895523,5.632485206526809,61.23719547973465,67.27555518235923,62.015507655172456,74.03406898300926,74.38174615072163,66.00118826344601,60.63553319839292,73.72420040099303,74.07647411560555,60.71715139876954
2018-08-07,20.0,0.0,1297.1454502943977,5.5581277662496404,60.26077785421154,67.24447937232944,60.621250482165834,73.0510819852988,73.58793636406153,64.92151534911403,58.04315878817701,71.58941945013396,72.11715086546656,59.35361294447061
2018-08-08,18.0,0.0,1301.0894863025424,5.8563249951743614,59.34083294745409,66.71677898215268,59.14994736521351,72.12424464941222,72.83622356282169,63.235347827146,55.32759910112139,69.46514431825847,70.17033777532302,58.03383183934734
2018-08-09,17.0,0.0,1305.2865040685485,6.57991929582758,58.47973335389344,65.23431777282468,57.950622259260285,71.25592389902462,72.26771882340881,60.52660158021939,52.87114862108146,67.3535193589291,68.37561930543626,56.8917756146077
2018-08-10,16.0,0.0,1308.6392552587847,5.570719316707823,57.67983594542517,70.9310837421082,57.225081931441736,70.44847136085446,71.70897513243071,65.40839066219493,50.87104938405321,65.25673628687812,66.54470590797044,55.6631969082202
2018-08-11,15.0,0.0,1312.0115641506495,6.336132823309356,56.94347871747988,76.00790960441756,56.594170523478425,69.70422022036124,71.4184345278286,69.31239800917493,48.894333791210016,63.177031627691946,64.9417781229279,54.751197544285915
2018-08-12,13.0,0.0,1315.4295478118172,5.733271081461993,56.272977641565575,85.4831416980164,56.62167451535649,69.02548208338953,71.21790063434645,77.99615748215317,47.56313528108984,61.116684096076085,63.387933100827496,53.86738230426418
2018-08-13,12.0,0.0,1318.9284213135377,5.503312625625142,55.670623528123286,92.83456704612388,56.3991410869333,68.41454384758615,71.13132831925091,83.88839077483851,45.89330054154922,59.078011905796046,61.900702621256045,52.99887055951503
2018-08-14,11.0,0.0,1322.2708622384741,6.239304099667351,55.13867890353072,91.2116513995168,55.55568538838125,67.87366458741533,70.91671455582429,80.86969499830195,43.55021405212449,57.06337001448264,60.23472388129292,52.071544435339874
2018-08-15,10.0,0.0,1326.5393410786023,7.294588227381439,54.67937490507643,95.04563518948908,54.75038380075307,67.40507245658304,70.6734003395043,83.22791454815078,41.19994703133489,55.075147306563935,58.50542477752953,51.197917355590825
2018-08-16,9.0,0.0,1329.2492772026078,8.703095469790128,54.294908197709304,94.63325494705973,53.65363260259497,67.0109616116662,70.53935859285318,81.58111355527046,38.53971049393584,53.11576371767393,56.84865535325477,50.338260754934794
2018-08-17,8.0,0.0,1332.8976499607672,8.290040861854862,53.98743791634831,94.17426581112139,52.87240524506794,66.69348916072221,70.3406113270986,79.6789283122796,36.12823748966247,51.18766730395501,55.075168527938956,49.32188222908105
2018-08-18,7.0,0.0,1336.2756614733896,9.549040011014256,53.759082637511085,100.1715533146425,53.20764405200396,66.45477214062893,70.33769623859067,84.7172561085799,34.85058807269604,49.29333125974853,53.45100954979844,48.86289549524899
2018-08-19,6.0,0.0,1340.7782433125137,9.326616460612428,53.61191738398921,120.3192439782627,56.455449051676965,66.29688452687554,70.35707955732019,104.67003388031384,36.575371031742776,47.435250887228506,51.80192315754539,48.98256150712387
2018-08-20,5.0,5.0,1344.772546605845,9.356875923342187,53.547970666264035,137.40104124953,58.831541611015865,66.2218542794902,70.42980796339376,120.65475892759154,37.19241527417984,45.6159405216014,50.152747939815896,48.918644272387894
2018-08-21,4.0,8.0,1349.7673672359954,10.229515306985945,53.56922156431776,139.75000813532745,60.16464020734037,66.23166042875403,70.32318709717183,121.59734520241982,36.804447644857504,43.83793041554799,48.26788211380699,48.678560597347804
2018-08-22,3.0,11.0,1353.6758723833943,11.298349735608326,53.67759685345004,136.9201113615582,61.0747721060591,66.32823020430578,70.14780221666973,116.93926604566008,35.869156939291685,42.10376358664075,46.274687861420375,48.346794937930724
2018-08-23,2.0,13.0,1356.8095258403557,12.601590408079261,53.87496817766416,128.65124651703277,60.450893440477415,66.51343621119506,70.05446377159959,107.0747379017898,33.398535649139234,40.41599263151821,44.322773640906775,47.70408174132247
2018-08-24,1.0,15.0,1360.0394989519907,11.972414347777402,54.16314927413259,121.61252192665222,59.90225858119672,66.78909365639294,69.88323090866703,98.20283130562285,30.884724214235177,38.777176510641,42.23806746338971,46.82626436955407
2018-08-25,1.0,17.0,1362.978649705311,12.915842909476822,54.543893252198075,114.770249182285,58.56066757074635,67.15695762920845,69.90944447706454,89.57950456664554,27.60500963751511,37.189877307496886,40.302752301709205,46.023055635676926
2018-08-26,1.0,19.0,1365.8942222576568,12.292907399143672,55.018889930303004,110.28487947629554,58.001588897402485,67.6187204390049,69.97467906398307,82.85078178958716,25.056669372075362,35.656656966157016,38.35918586931223,45.247412242172715
2018-08-27,1.0,21.0,1369.472068031822,11.854886588640909,55.589763234177695,105.50260949185119,57.138621232867735,68.17600901354294,70.12492054641422,76.58700869565618,22.23137409746323,34.180074011115096,36.44878865600498,44.46805467252835
2018-08-28,1.0,21.0,1373.1247860092626,12.210796208364371,56.25806865954871,99.34622907231773,56.16144050202354,68.83038236121055,70.14177091629637,68.22097270080263,19.237143326146622,32.762680253369865,34.35199957070765,43.74428522470846
2018-08-29,1.0,21.0,1376.7641711137796,12.735328342223966,57.02529080255542,94.18896344651361,55.805054907976796,69.58332910032783,70.14901030724832,61.32288166979703,16.861326693311156,31.407017486730496,32.21118174581645,43.22219242327381
2018-08-30,1.0,21.0,1379.8970734703405,13.488490445853671,57.892840960987854,87.03534567888013,54.9490561630212,70.43626505864071,70.30911308372677,52.17184196806113,13.95183055911005,30.115614178343918,30.189433169197343,42.666580452360186
2018-08-31,1.0,22.0,1383.1412876460768,12.325503611095598,58.86205480937778,82.73152601191893,54.34132825210182,71.39053094603585,70.47188439269354,45.33059239663004,11.147907149084318,28.890982157452555,28.124229756951564,41.944302634349114
2018-09-01,1.0,22.0,1386.7923957669843,12.772996679368788,59.934190150892135,79.57645494963592,53.728434073364724,72.44739010342772,70.92016101967533,39.30582195836092,8.203874838113535,27.735613306399586,26.306985591308802,41.50620572031883
2018-09-02,1.0,25.0,1390.3380539674038,11.712494903689816,61.1104247488899,83.93010222124684,57.301575036803115,73.60802633068363,71.50049686124609,40.70121134978561,9.536872620109733,26.651976257902703,24.586664635525267,42.00106642435628
2018-09-03,1.0,25.0,1393.8169455861146,10.914008307713146,62.391854240914114,88.19547716166423,60.65133807922638,74.87354179635756,72.2611484533208,40.93570803952201,10.331402003452894,25.64251310261119,23.00843802720658,42.50928050135034
2018-09-04,1.0,25.0,1397.0702798135744,11.002919623030863,63.779490137794596,87.58781375706513,61.736197746383255,76.24495503191793,72.98316914816942,36.26976454570806,8.702404833533393,24.7096361109584,21.353494329175874,42.56403337012047
2018-09-05,1.0,25.0,1400.6559214471572,11.367388378222017,65.27425791044215,86.73391596301138,62.359819613020875,77.72319901305079,73.78694635802361,32.5753435274124,6.765719962902949,23.8557244733079,19.76189087055971,42.61186832244124
2018-09-06,1.0,25.0,1404.0980243407078,12.077537806233664,66.87699516681266,83.52546419132719,62.10299572701706,79.30911933052423,74.82878070708247,26.87546769812414,4.0014385756767865,23.08312106237335,18.391403775220994,42.58392401886765
2018-09-07,1.0,25.0,1407.5478600195759,10.994998924964989,68.5884499214176,83.37816416850802,63.28565050745857,81.00347245299716,75.94967287392785,24.411874501842078,2.7324202649722906,22.394129221873982,17.071304454508663,42.75251232776514
2018-09-08,1.0,25.0,1411.5220686322393,11.648860457761486,70.40927895964964,82.00060024571286,64.03880478447405,82.80692408404784,77.42125873411243,20.774026125859308,1.1135749496065444,21.791009585359717,16.082144644973766,43.163982024998184
2018-09-09,1.0,25.0,1416.2653448120166,10.919032309389081,72.34004629908483,83.20295963729492,65.38929936567692,84.72004761559035,79.07680733047258,19.905774051234687,0.11546795990287251,21.275976929108538,15.259678893496385,43.637044587840194
2018-09-10,1.0,25.0,1419.6575007048039,10.569833413712274,74.3812217498099,86.08576841428555,66.81305154520274,86.74332267973932,80.94958891105495,20.483118675748244,0.0,20.8511970629649,14.633910539648383,44.36776573776656
2018-09-11,1.0,25.0,1423.5354961325197,11.217005949066106,76.53317957570943,85.3853363098886,67.53004950084528,88.87713380106277,82.8044112228261,17.61487202243245,0.0,20.518783762945958,13.969358083168345,45.181240236953
2018-09-12,1.0,25.0,1427.5321266970373,12.235370948272475,78.79619725853141,86.28886840670418,69.49092166600346,91.12176915105468,84.74464614592804,15.982890864704501,0.0,20.280795749399715,13.388417414774949,46.25726479174559
2018-09-13,1.0,25.0,1430.8303216724842,13.678386759011516,81.17045436643065,85.70044298162065,71.0875433849877,93.47741940653614,86.90933158538462,13.01070019340267,0.0,20.139233714449176,13.030763032827622,47.43664153120343
2018-09-14,1.0,25.0,1433.9460092737468,13.388175933065241,83.65603152856892,84.97653412275221,72.37749409317493,95.94417671357513,89.12249927268766,9.656893147505087,0.0,20.09603740240152,12.70770012838949,48.41151438398286
2018-09-15,1.0,25.0,1437.1816500284428,14.872057073066827,86.25290951722803,83.63705158579862,73.54703669597703,98.52203375839358,91.63965317969758,5.403444353320367,0.0,20.1530827467449,12.682532751775057,49.708663215360374
2018-09-16,1.0,25.0,1440.5414710243615,14.986574151138797,88.9609684387674,82.9235563837303,76.21000567111162,101.21088294660481,94.27929684203875,1.437974331880639,0.0,20.312179067294096,12.775059602709632,51.09187083995814
2018-09-17,1.0,25.0,1444.65082467362,15.471816242545657,91.77998703463098,84.08285417896138,78.97424828944384,104.01051569200095,97.06180074811445,0.0,0.0,20.57506633097543,13.001166141463443,52.609325059896854
2018-09-18,1.0,25.0,1448.1917881606664,16.919209594322297,94.70964209348202,85.70345383386152,81.09339693906455,106.92062181598163,99.74139251576892,0.0,0.0,20.943412479675658,13.113593070651177,54.18015856361828
2018-09-19,7.0,26.0,1452.2776365183506,18.679975314949132,97.74950797541379,89.94693679066225,83.54388411332727,109.94078905858561,102.41357755170898,0.0,0.0,21.418810828499318,13.225740839704486,55.87153571027358
2018-09-20,8.0,26.0,1455.8603216631243,20.785491324939215,100.89905624905455,93.64348522614492,85.75116190885973,113.07050270196069,105.21256223064333,0.8656446105048303,0.0,22.00277753770618,13.471438954712113,57.649123863484476
2018-09-21,8.0,26.0,1459.0631137600606,21.05810088343162,104.15765544225457,95.53652569111904,88.31645376265737,116.30914530697376,107.96081927116722,0.24204335057072512,0.0,22.696749161509842,13.659579559956256,59.26981292349383
2018-09-22,8.0,26.0,1461.9163243330242,22.98838115544504,107.52457090690913,98.52045105959002,90.86602528061923,119.65599656353083,110.91571128458011,0.650209958917543,0.0,23.502080276839195,14.054670398565946,61.18842948331118
2018-09-23,8.0,26.0,1466.0836431340138,23.419842118111347,110.9989647983407,100.96217331241775,93.62594656348656,123.11023325504752,113.90106460070328,0.46899394425207674,0.0,24.420041195069587,14.481411224356975,62.994687969389496
2018-09-24,8.0,26.0,1469.6601198385947,24.083828013633365,114.57989616952779,103.33942516368319,96.47697895221006,126.67092933737428,116.9459810813257,0.15774182158034478,0.0,25.451815759636304,14.96425778086612,64.89671088682171
2018-09-25,8.0,26.0,1473.7273434763085,25.56778461202262,118.26632118033581,105.38338954581783,100.35826215598354,130.33705613234892,119.81667008359341,0.0,0.0,26.598499232348388,15.268051877776003,67.02658065930108
2018-09-26,8.0,26.0,1477.266693923157,27.224069539250507,122.0570934217701,107.64557609151865,104.53009265039043,134.10748263601556,122.62361065155409,0.0,0.0,27.861096271116566,15.521578846490314,69.24062800207345
2018-09-27,8.0,26.0,1480.0547983349436,29.090531386490767,125.9509643551377,110.49239058752823,107.83584083794389,137.98097594141302,125.51862127222108,0.0,0.0,29.24051900170744,15.876985934774297,71.43680484121103
2018-09-28,8.0,26.0,1483.3416706227513,29.00139049869054,129.94658386586903,112.95358553961691,111.01918595322329,141.95620177570584,128.34398497870743,0.0,0.0,30.73758518602463,16.163968939720462,73.39611264974265
2018-09-29,8.0,26.0,1486.7843762199927,30.46442930412806,134.0425009316187,116.2771460981771,114.00699690165257,146.03172515129233,131.3785564967394,0.27803531187151975,0.0,32.35301648931278,16.669792895016286,75.61837727122001
2018-09-30,8.0,26.0,1490.361496764229,30.345460901693457,138.2371644041287,121.60355886647241,117.51212591926767,150.20601113039658,134.46875660512217,3.295185111962894,0.0,34.08743684856188,17.24326420464928,77.76252750172748
2018-10-01,8.0,36.0,1494.2937921378057,30.402850649891917,142.5289239042057,151.90638545826778,124.7571124980789,154.47742570251302,137.66675649564138,32.61701812361426,3.474873307761328,35.9413709442758,17.933633929159356,80.89786842894092
2018-10-02,8.0,46.0,1498.2529505530683,31.255260662797866,146.91603082903146,178.89673506253425,132.04612155613648,158.8442367739447,140.76165097904678,57.437526724021524,8.293204063234697,37.91524277764864,18.5305282049209,84.32028448084519
2018-10-03,8.0,48.0,1501.3608999679316,32.289805088862664,151.39663947089315,187.68944843786736,136.85929025623693,163.30461526854145,143.88594846011983,63.520216926391186,10.723295708311952,40.00937435507299,19.186785921399917,87.20696931617988
2018-10-04,8.0,51.0,1505.0084110394434,33.58185625329648,155.96880824629076,195.62413377897363,140.62069800991412,167.85663633861705,147.2119735365924,68.6916371925852,12.062913328295963,42.223984481779496,20.077156940458423,89.95050339190557
2018-10-05,11.0,52.0,1508.7125520554334,33.00505233038231,160.63050103424834,198.82391168768646,143.64139277128362,172.49828068489217,150.60034868522175,69.87083150220673,12.80860074491207,44.55918766628017,21.05178821952245,92.34939401709286
2018-10-06,14.0,52.0,1511.7658532930157,34.10753514561651,165.3795886225289,205.2759898566489,147.7227349221987,177.2274359841852,154.34550005302017,74.10749366179851,14.61660179778633,47.014993137161696,22.41558349747507,95.35374664499656
2018-10-07,16.0,60.0,1517.317339446259,33.79541001186064,170.21385026032465,210.82140191017942,151.242383292341,182.04189842344363,158.30610996989589,78.0221809092393,15.932634584001278,49.59130397364606,24.031573000664565,98.14439543952221
2018-10-08,17.0,70.0,1520.5562219554156,33.8662273916203,175.1309753158708,217.29183515515982,155.29374105422093,186.93937433858554,162.54283504004968,83.08496398787116,17.836616867998572,52.2879163511997,25.95929062064812,101.2321221225242
2018-10-09,17.0,76.0,1523.521557742424,34.97568255280274,180.12856503730637,219.9704448061722,159.38831687255038,191.91748195649834,166.84910289230447,84.38515054307169,19.785373547557157,55.10451890334534,27.99427045911051,104.51791402768441
2018-10-10,17.0,78.0,1526.3684109219291,36.544747888575955,185.20413441498528,216.3329180635827,162.79088059628558,196.97375323841715,171.3573274897532,79.57406505334626,21.11808348389829,58.040692200691296,30.29055648445896,107.7900219746332
2018-10-11,17.0,78.0,1529.5727352434192,38.678504604462745,190.35511414332092,215.80719792965263,167.03270047626074,202.10563582279048,176.23514821572212,77.67998902385327,23.199802994291048,61.09590834805829,33.019189502838486,111.4652505134681
2018-10-12,17.0,81.0,1531.7917331511378,39.27525018705467,195.57885268013018,217.59983159343108,171.1014626270935,207.31049506562076,181.33386565684071,78.32777711684503,25.2809585872985,64.26953070045022,36.02160668905543,115.02150277419298
2018-10-13,17.0,83.0,1531.2391233869434,41.90193444135569,200.87261840132894,217.34604616301374,175.29409613394935,212.58561617615277,186.93402244240792,76.5039064908114,27.47239110609189,67.56081369847107,39.58904393201581,119.02631704147169
2018-10-14,17.0,85.0,1565.4451634111767,43.47693797803085,206.23360184871717,215.36879100450676,179.42092086882315,217.92820644567223,192.87605185432275,72.23529788156816,29.551886459750875,70.968902823657,43.566078596002654,123.00282335937209
2018-10-15,17.0,85.0,1540.6781697241865,45.80301211598885,211.65891806848364,213.65273192042508,183.83914798356858,223.3353975670652,199.19830988166916,67.50266255059356,31.87502331976762,74.49283467405036,47.98930777190395,127.27399392281217
2018-10-16,17.0,85.0,1543.0441795014672,49.53359221198912,217.14560903795194,210.95157249627033,188.2652781404219,228.80424804268284,205.66829738809844,61.78863114714119,34.23771410860249,78.13153716020284,52.62726804221029,131.80169301651998
2018-10-17,17.0,89.0,1549.1012529643376,54.07971116538042,222.69064617798574,215.8633209685532,193.26642726483237,234.33174567795186,212.38940279383388,62.69948728999216,37.07571766995642,81.88382982165732,57.60348126276378,136.66512022929524
2018-10-18,17.0,91.0,1552.257941733595,59.52878776849241,228.29093294837023,222.36879055727994,199.38973599788233,239.91481015806878,219.4977581328939,67.41593957519731,41.48944146530013,85.74842426381045,63.05557817096758,142.11443361322324
2018-10-19,17.0,91.0,1556.7225765197786,63.753869939752875,233.94330752338794,226.33819037157997,207.17446600299232,245.55029570501904,226.81136650144953,69.41688128895711,47.69906314275616,89.72392471493032,68.78941982847905,147.9307141698459
2018-10-20,17.0,91.0,1561.2126814891662,70.28938478144916,239.64454554471286,228.83260299651883,216.08570419432968,251.23499381206622,234.57643218514048,69.56880395696899,55.09982293863001,93.80882870294809,75.05928945899848,154.47487520228435
2018-10-21,17.0,91.0,1568.1651540803575,76.01440402546665,245.3913629486544,231.08206150796164,223.8235179462987,256.9656360527645,242.5987973861933,69.99428818474047,61.304804184349734,98.00152785151641,81.67227259036983,160.7215403732017
2018-10-22,17.0,91.0,1571.0066672429568,82.68623415280622,251.18041886469553,234.83592953052,229.90105436152032,262.7388969614602,250.88278120394233,72.05209996967758,65.85078519297696,102.30030879467905,88.62779940161016,166.77103486671135
2018-10-23,17.0,91.0,1571.2718855630208,90.90752938371095,257.00831858218356,238.30086500999408,236.63688171266864,268.5513969821625,259.1632068214109,73.71551458424727,71.2371233861362,106.70335420936236,95.65843320479286,173.2332805353035
2018-10-24,17.0,91.0,1570.9051521859878,100.03413667107165,262.87161658195237,242.9448762495899,243.1982513833584,274.39970548258196,267.51292644399314,77.16835686437929,76.49449034545128,111.20874396476012,102.85376714053538,179.82170475171304
2018-10-25,17.0,91.0,1583.4256289010757,110.09492638634934,268.76681962957616,247.1992913203346,250.77514952573384,280.2803438300598,276.0404164167899,80.23134485232214,82.95213583076773,115.81445638754563,110.32035874513589,186.8805758439948
2018-10-26,17.0,91.0,1590.4964895813341,118.9021649114903,274.6903899268828,251.1252722175052,258.66126837295997,286.18978852603345,284.5395810781286,82.96527034800926,89.76160049739474,120.51836964171127,117.83660111746073,193.88747050900776
2018-10-27,17.0,91.0,1598.9170280477497,129.92845501063027,280.6387483182839,256.1400784791694,265.5155130121899,292.12447439561896,293.23667868481846,86.80406707228738,95.66994282678957,125.31826322170123,125.63358341690892,201.00820736086766
2018-10-28,17.0,91.0,1600.097256199928,139.99122488954336,286.6082775484145,261.0436144574923,273.02601423775536,298.0807978288199,301.92225737605685,90.41577258701793,102.30108007240466,130.21181955736836,133.500040765536,208.20518903448735
2018-10-29,17.0,91.0,1600.2500771397592,150.78754668418674,292.5953255675124,265.88747608944067,278.7913420859938,304.05512006981445,310.5903833142678,94.25067760415885,107.2345224213261,135.1966257291581,141.42235210299793,215.0841522469072
2018-10-30,17.0,91.0,1600.5444333488513,162.86245386335105,298.59620888091126,273.13841976814683,285.2513132665996,310.04377055071234,318.9709362547754,100.56667672541909,112.96468261408623,140.2701752917912,149.12565748223648,222.26064977555794
2018-10-31,17.0,120.0,1604.5036724331192,175.51793852452428,304.6072159389669,300.7945724394263,296.05192767069514,316.04305026612144,327.1372745051729,128.34102454416944,123.31641815279168,145.42987020459026,156.6979477011399,230.60020537050028
2018-11-01,20.0,180.0,1612.035171371161,188.73385538667478,310.6246105636892,337.1938136453931,308.8677817746533,322.0492351848122,335.20383744887795,164.59631393101841,135.74733400984823,150.6730228664709,164.2500502646111,239.51871593745472
2018-11-02,22.0,225.0,1621.8827098919548,200.2792637529564,316.64463540830565,363.3671252999139,320.58275963092314,328.0585796947257,342.9758233992165,190.0552730997919,146.87759168796754,155.99685825349246,171.57040842821965,247.8732400319759
2018-11-03,22.0,250.0,1638.2925235128826,213.5902109455541,322.6635154459434,394.44125317461595,333.3000188536333,334.0673200775296,350.6958588234961,221.15749734298024,159.19792125203162,161.39851615674758,178.90570783181414,256.7273836733437
2018-11-04,22.0,301.0,1667.0432019084658,225.4549188758778,328.6774614835814,421.76298387025787,343.99789059839793,340.07167800888817,358.175553042406,248.7343518970885,169.37944317228795,166.87505351824697,186.06545629279148,264.8371818740597
2018-11-05,22.0,354.0,1689.211692140143,237.54913884527258,334.68267369739175,442.54745879877385,351.0133076285698,346.06786408058446,365.4342299620371,269.69094927062383,175.95910715641963,172.4234468623437,193.0614843884712,272.0239065776363
2018-11-06,22.0,412.0,1717.289646182988,250.40483239709516,340.6753451855637,459.70200577128537,356.6605342078364,352.0520813406023,372.23062454673,287.1743440999191,181.35599267866488,178.04059482012812,199.64845074753262,278.88355699051914
2018-11-07,22.0,464.0,1739.2733878225263,263.3193517870611,346.65166553468094,467.40503067637076,360.18571905019803,358.0205288472543,378.66986116103794,295.712249009752,184.8438497634329,183.72332074411395,205.94722040471598,285.1701896615619
2018-11-08,22.0,515.0,1752.335611182073,276.2763438846457,352.6078243957065,479.2527250830624,368.5006832747674,363.9694052334246,384.90029943358854,309.06296432838343,193.38979466870148,189.46837541043118,212.10405829219474,292.6520980741825
2018-11-09,22.0,541.0,1763.648032197145,287.05691025382157,358.5400150656134,481.7802783208031,375.4988717576101,369.89491227697965,390.7624047348743,313.15330151169894,200.7307467316812,195.27243980563745,217.94455483918804,299.4626069331757
2018-11-10,22.0,553.0,1777.2548211457995,299.117032793218,364.44443807069587,478.23296279179726,379.2494442927402,375.79325847339345,396.5345799674219,311.351109100979,204.70709673304782,201.13212799515978,223.75336001281477,305.5914172923115
2018-11-11,22.0,565.0,1787.6744873610335,309.272236698003,370.3173047475867,473.7632838067341,381.5105394175454,381.6606626066276,402.06387421534544,308.49841269646714,207.21489574477846,207.04399007028175,229.37785421760606,311.05766971472184
2018-11-12,22.0,567.0,1798.3907639928548,319.23226987265025,376.1548408180115,462.9566946591255,386.5447586299021,387.49335731430784,407.40388146275393,299.62846145273875,213.0433932251125,213.00451517049956,234.86674694470295,317.21797042974254
2018-11-13,22.0,573.0,1809.16418304736,329.56897419665694,381.9532899533133,462.55503858443905,394.46299794912926,393.28759264324276,412.3456383739601,300.63886050711443,221.34856874000835,219.0101345779795,240.0097101455215,323.99836332247645
2018-11-14,22.0,587.0,1815.7649219181792,339.6245428637631,387.70891732479294,466.665449366308,398.0655994161084,399.03963959134035,417.02385861307346,305.5319293362696,225.23582109704228,225.0572248807655,244.95993691712232,329.5894425880011
2018-11-15,22.0,607.0,1829.576690771852,349.4314107820778,393.41801313592396,468.6315254693591,406.9945908639986,404.74579363199234,421.6131082272182,307.2344057376718,234.50154695432067,231.14211120130284,249.89258839133652,336.4673953985213
2018-11-16,22.0,607.0,1834.2847421648466,356.82233586819996,399.07689613252063,464.12247045484423,413.53432881006927,410.40237821701385,425.9760960770268,300.45729698284384,240.92439221281202,237.26107048676732,254.65806464956466,342.33194530674683
2018-11-17,22.0,607.0,1833.032584576476,365.30670695548747,404.68191708696236,454.41459482334574,416.03325608856596,416.00574825424997,430.4090304767924,289.30465545673906,243.41545738189834,243.4103348576149,259.56119237817103,347.35295543496784
2018-11-18,22.0,617.0,1831.6298920403608,371.7540769930309,410.2294622526041,446.895811559742,417.38426976077915,421.5522935559892,434.77196924607847,280.6770716708311,244.81117755694413,249.58609501069833,264.46447116278273,351.81922694236346
2018-11-19,22.0,617.0,1830.358902028791,377.92772746545756,415.71595678453815,440.41245696064254,417.7138256047077,427.0384422543525,439.1264849232126,272.6136753355755,245.5106973135892,255.7845036732312,269.4263795390126,356.0305021947627
2018-11-20,22.0,617.0,1831.0124303673724,384.4514654436616,421.1378681229068,437.6410805114549,420.84897366609675,432.4606641798696,443.2664593410345,269.4726995570803,249.44327474360568,262.0016791038205,274.2408544819786,360.9814048853718
2018-11-21,24.0,615.0,1837.7689574768947,390.7168720546665,426.4917093350108,436.15692271767233,421.71086548605837,437.81547419948805,447.32434678762183,268.11061422269836,251.30534720266235,268.2337086367307,279.0598379420055,365.33227020553045
2018-11-22,30.0,614.0,1842.5848554762854,396.8022718790826,431.77404241250093,435.9092047831378,424.61634443968586,443.0994355103119,451.46750852457666,268.16337919686197,255.16651149411405,274.47665226549145,284.0518525831523,370.1818273886144
2018-11-23,40.0,611.0,1846.9579354273744,400.58200104236926,436.98148151999425,435.9529458033217,426.90532680169775,448.30916288541243,455.54678745860065,269.244073445901,258.57210850217956,280.7265462619138,289.05553808947883,374.58486907020585
2018-11-24,40.0,608.0,1844.9205537345363,405.60202659484423,442.11069619150805,436.4034002052264,428.10457174091755,453.4413258681111,459.8422656582311,270.3255923490821,260.71574470504714,286.9794068265361,294.35923271027553,378.89440878693387
2018-11-25,40.0,605.0,1848.4049038866785,408.76292929253685,447.1584144711659,437.7831404717559,430.9605883413792,458.4926519111898,464.19412040679083,273.13104641739494,264.7536530029729,293.2312337664826,299.80473054402955,383.41979021706845
2018-11-26,40.0,602.0,1854.7738488123584,411.85306541720274,452.12142599469223,438.42811731862787,433.3478080861327,463.459929457547,468.6408863151658,274.96474802214857,268.3067655354124,299.47801419668593,305.42620124750266,387.8292620312927
2018-11-27,40.0,599.0,1859.2845529321266,415.51511484214745,456.99658500827957,439.9370035299793,435.6767335090607,468.34001095888743,472.95092114868766,277.26938016568323,271.6824925720608,305.71572626039267,310.9903687919747,392.2334941364363
2018-11-28,40.0,596.0,1862.4300408281354,419.1532359369186,461.7808133214821,441.63179019094434,438.0561977443534,473.1298158290968,477.229396183746,279.4995911772766,274.73859160990344,311.9403428648502,316.6198236578745,396.5810271435281
2018-11-29,40.0,592.0,1859.461705619401,422.8520946592731,466.4711031908678,443.5227707637046,442.4701061972801,477.82633332903674,481.61539410559993,281.61733957056543,280.25019649878055,318.1478354280515,322.45240978241486,401.510684148913
2018-11-30,40.0,590.0,1860.3016039553981,424.48633960681065,471.06452013123567,453.32498669851736,449.63970288928044,482.4266253795629,485.9312626694816,292.381415918935,288.76977397744196,324.3341776324015,328.29559572906487,406.86849975191
2018-12-01,40.0,595.0,1879.6151717382547,427.5965660253332,475.55820565129136,478.1449780022434,467.17761074161984,486.9278292996595,490.4291459917541,319.4771511997625,307.96449073526657,330.4953491811581,334.40689239775344,415.0695112529795
2018-12-02,40.0,599.0,1879.7313611684187,429.0727680055442,479.94937991075744,497.7922119086719,483.56959196734795,491.3271604666637,494.9225886505968,341.0953948045128,326.31268911800896,336.62733955349506,340.59842557418517,422.7974929058249
2018-12-03,40.0,602.0,1876.1951495199644,430.68807874782397,484.23534429598715,505.4209823232884,491.4766903664099,495.6219148956459,499.42550047517176,350.3868760017574,336.0011884915397,342.7261517540374,346.87662855400043,428.38143719757704
2018-12-04,42.0,600.0,1872.1984021421276,433.06598793575097,488.4134839112397,507.79126058912084,495.49636750301437,499.8094717350998,503.6842614263869,354.4338078143178,341.71911775263084,348.78780605271993,352.9831313399053,432.9949534570935
2018-12-05,46.0,596.0,1874.0960263586155,435.588236768852,492.4812699828774,508.0012599131222,496.8022539712425,503.8872956761966,507.78527101258396,356.8448175866459,345.14612806102383,354.8083437108328,359.01870254209246,436.93968771571264
2018-12-06,48.0,592.0,1874.135967081193,438.3146366514769,496.4362621738376,510.94499079667014,500.5645669317987,507.8529392729545,511.8525111891019,362.0129557039877,351.09729404097425,360.7838306891305,365.1031693807587,441.5006512912541
2018-12-07,48.0,588.0,1870.6439907234346,439.09336124388193,500.2761108058411,512.2239452772168,502.9331138657261,511.7040451707745,515.6972595759751,365.84951561720305,355.8881235407828,366.7103613339019,371.0302121036243,445.41657345506337
2018-12-08,48.0,584.0,1862.296827152136,441.43773269307627,503.99855898690066,514.9815895299946,505.98706056014817,515.4383482409028,519.5648664364696,371.380300858538,361.57631191447945,372.5840620369189,377.04808507768917,449.70437824332316
2018-12-09,48.0,580.0,1852.6828282170225,442.21047957563786,507.60144464180325,515.9502835514221,508.2864591077783,519.0536776184836,523.2664853413793,375.2593616020074,366.5721624951864,378.4010948652152,382.96436613934475,453.5445212231036
2018-12-10,48.0,578.0,1854.2422842433723,443.15824578080276,511.08270244335023,515.099390302604,508.68402624993433,522.5479586419797,526.8180434301462,377.3748527628072,369.79139833751253,384.15766115667657,388.7856962251832,456.87821653319816
2018-12-11,48.0,576.0,1851.4094104598819,444.8795203011148,514.4403656422539,515.9798682337688,510.39762701909996,525.9192146918493,529.9722320165162,380.97572175171763,374.1591960347446,389.8500050774622,394.2585861271408,460.4845933637727
2018-12-12,48.0,573.0,1850.091069027088,446.7331714598947,517.6725677937043,515.2750441260802,510.97793446005505,529.1655689264842,532.825826573503,382.978793274783,377.39847650083817,395.47441713732223,399.4931503663215,463.71763915226535
2018-12-13,48.0,570.0,1853.5152596802313,448.7588170145963,520.7775443787399,514.4093465160134,513.6695783397269,532.2852459135297,535.5169127301667,384.4491868317425,382.6694903653794,401.02723765892074,404.6227008297284,467.4159409038484
2018-12-14,48.0,567.0,1855.1038851601377,448.78756808068465,523.7536343186741,513.340296506974,515.7997298032408,535.2765731548333,537.8741656511986,385.29778809617295,386.97515671623034,406.50486019732637,409.45810688023107,470.55372435030245
2018-12-15,48.0,564.0,1856.4955224251335,450.3191589803581,526.5992813809557,512.8454417707455,516.7873382533394,538.1379825033796,540.1631093159538,386.358698869709,389.790998357596,411.90373490589144,414.26798743373433,473.49619889140104
2018-12-16,48.0,561.0,1851.7136232203359,450.2064350442018,529.3130354749616,512.4475973661861,517.3479368152144,540.8680114707064,542.217260849342,387.1886165393788,392.0527577579639,417.22037184479564,418.88285226901615,476.0135826907752
2018-12-17,48.0,558.0,1860.82363930023,450.1899753695766,531.8935538363494,513.7860283306824,518.2536123575571,543.4653044234105,544.0764627564326,389.81455789335075,394.5797095471605,422.4513442286029,423.3341722652787,478.53051684804603
2018-12-18,48.0,555.0,1866.2282924361905,450.8660215361474,534.3396020987266,516.8461406292023,521.1010958162478,545.9286136674882,545.5182019784926,395.60630316107193,400.0590557547558,427.5932916092425,427.3944745684056,481.6000446286883
2018-12-19,48.0,552.0,1866.1341621814151,451.5948999866671,536.6500552515163,519.7780521901158,523.5720407520266,548.2568004193763,546.6642436902728,401.3134453235398,405.32555951183645,432.6429229909014,431.20034277861987,484.48835817265206
2018-12-20,48.0,549.0,1866.5167584611547,452.42117664049715,538.823898483037,522.5802750792985,526.2217842515847,550.4488356626973,547.6771755414661,406.9322663778538,410.84817351264724,437.59701987339673,434.9112752779734,487.3686674054125
2018-12-21,48.0,546.0,1867.0308409025245,451.18409148806404,540.8602279079421,525.2514263547043,528.6718399483194,552.5038008898357,548.4090284389316,412.4591176034967,416.2046311659026,442.45243922066993,438.36332868735894,489.8311734683781
2018-12-22,48.0,543.0,1866.7995849986119,451.3942974067433,542.7582511782947,527.7902291658079,530.5680467308475,554.4208887276093,549.1469182511619,417.8904229684157,421.05817204620564,447.2061163511381,441.84863147129374,492.3001652704117
2018-12-23,48.0,540.0,1873.3822422087158,449.91788929453685,544.5172879776957,530.4121227032406,532.7430984846051,556.1994034464346,549.743630104181,423.45174725813195,426.1983416897989,451.85506774672245,445.21890319098935,494.54920274187043
2018-12-24,48.0,537.0,1869.967046888269,448.5105160805057,546.1367703980059,532.882577044418,534.548758462031,557.8387613525088,550.2554628441966,428.884444942798,431.00745578686184,456.396393777468,448.52397555319726,496.65226178184685
2018-12-25,48.0,534.0,1869.6876078587088,447.7847631766776,547.616243198345,535.0655631241584,536.2436215732266,559.3384910626773,550.4731451238505,434.0556558778451,435.6999708174541,460.8272813387662,451.55142548666566,498.69186772220786
2018-12-26,48.0,531.0,1866.1616448885745,447.1180101590138,548.9553639461842,537.060906465315,537.7192783852671,560.6982336617825,550.5281610604025,439.0620233763917,440.14524506263933,465.1450063982908,454.4492119753663,500.5948138311183
2018-12-27,48.0,528.0,1855.059639653156,446.5720193403396,550.1539030404822,538.8605710744532,539.1816386693579,561.9177427424261,550.5890884338423,443.90548094030635,444.54470542131526,469.3469364498603,457.3842785123637,502.4612890762484
2018-12-28,48.0,525.0,1843.4390542526023,444.00281960903817,551.2117436169493,540.5836683013817,540.4687137589676,562.996884327213,550.5101198501834,448.6928290464631,448.77843801247076,473.43053287155,460.19605380569715,503.94941323150874
2018-12-29,48.0,522.0,1832.7638920955287,442.9369254659666,552.1288813356646,542.1310672743455,542.3506988990614,563.9356366736761,550.5767125548584,453.3274245506487,453.56313923927814,477.3933531854814,463.17593816883794,505.757660690353
2018-12-30,48.0,519.0,1824.7044855194704,440.25489169032903,552.9054240513967,543.5669702638179,544.3318523453034,564.734089962222,550.6362868407007,457.87071422384497,458.65366023225516,481.2330532168352,466.17091025145623,507.3650210738124
2018-12-31,48.0,516.0,1819.8723150865128,437.72500879284564,553.541591367122,544.857591574176,545.7678145561642,565.3924458675638,550.7362859553157,462.2833020241279,463.20397488546496,484.9473891497431,469.2222462144023,508.8170945985777
