,REDHILLS,py_snaive,py_hw,prophet,Auto_Arima_no_rain_d1,Arima_with_rain_d_1_sniave,Arima_with_rain_d_1_hw,Arima_with_rain_d_1_AR,Arima_with_rain_d_1_Prophet,Arima_with_rain_d_0_sniave,Arima_with_rain_d_0_hw,Arima_with_rain_d_0AR,Arima_with_rain_d_0_Prophet,ensemble
2019-01-01,,1585.0,896.8042706501541,1275.8737693858154,950.6056791209385,949.520303376729,949.520303376729,969.969013312555,949.520303376729,975.6991466243617,975.6991466243617,998.6483321934159,975.6991466243617,1005.6919617518632
2019-01-02,,1578.0,863.8853785799864,1281.3224103802468,949.6569563552466,948.3248115626975,948.3248115626975,969.0412694603319,948.3248115626975,1006.268956308312,1006.268956308312,1029.519042821914,1006.268956308312,1017.3409018449698
2019-01-03,,1571.0,896.471455987355,1289.7246275687585,949.2782263265575,947.8138857061219,947.8138857061219,968.9724887628149,947.8138857061219,1036.5831194215257,1036.5831194215257,1060.296631439975,1036.5831194215257,1029.6332480441752
2019-01-04,,1564.0,871.9487186554044,1291.6734808819017,949.3765071971677,947.8040332169867,947.8040332169867,969.3751187447247,947.8040332169867,1066.6239835398524,1066.6239835398524,1090.7664771477823,1066.6239835398524,1041.255952185657
2019-01-05,,1557.0,1058.050287238653,1297.900171971638,949.8692734444531,948.461575433314,948.461575433314,970.4103881951355,948.461575433314,1096.3741358350128,1096.3741358350128,1120.908642855362,1096.3741358350128,1053.5949873754053
2019-01-06,,1550.0,804.633066499452,1299.5940745419584,950.6833065087815,949.6954641896923,949.6954641896923,971.9668167717182,949.6954641896923,1125.8164190876291,1125.8164190876291,1150.6899745261699,1125.8164190876291,1065.4947423629087
2019-01-07,,1543.0,841.9348819463531,1301.582231797955,951.7536736716546,951.4114663488272,951.4114663488272,973.9450884759513,951.4114663488272,1154.9339474215485,1154.9339474215485,1180.0927781684252,1154.9339474215485,1077.5080749568422
2019-01-08,,1536.0,866.0503444969028,1305.45168371221,953.0228208104968,953.5142725594123,953.5142725594123,976.206537472264,953.5142725594123,1183.7101217421775,1183.7101217421775,1209.0555992449993,1183.7101217421775,1089.7731787303937
2019-01-09,,1529.0,887.559659589417,1306.9831529872026,954.4397662814999,955.91857717395,955.91857717395,978.6586012283537,955.91857717395,1212.1286448618962,1212.1286448618962,1237.5513491027098,1212.1286448618962,1101.7159142089324
2019-01-10,,1522.0,914.1012218388088,1311.2819742175907,955.959384607533,958.5493027566608,958.5493027566608,981.2526639321345,958.5493027566608,1240.1735362959732,1240.1735362959732,1265.5903754469982,1240.1735362959732,1113.9412595386907
2019-01-11,,1515.0,945.2865325609738,1309.0086517164386,957.5417699143601,961.3410106317476,961.3410106317476,983.8863757917006,961.3410106317476,1267.829146712796,1267.829146712796,1293.1149991682637,1267.829146712796,1125.2365139099813
2019-01-12,,1508.0,980.656433890067,1310.9629274660465,959.1516701831159,964.2368293956065,964.2368293956065,986.5233701179255,964.2368293956065,1295.0801720226227,1295.0801720226227,1320.1267525763005,1295.0801720226227,1136.9248403974807
2019-01-13,,1501.0,1017.5159583007636,1308.4022740667865,960.7579843859784,967.187412325328,967.187412325328,989.069504790474,967.187412325328,1321.9116670894828,1321.9116670894828,1346.5635383948756,1321.9116670894828,1147.873932558467
2019-01-14,,1494.0,1055.0146984528308,1306.2199033600914,962.3333154593016,970.1499895180197,970.1499895180197,991.515405445401,970.1499895180197,1348.3090590513011,1348.3090590513011,1372.439669324824,1348.3090590513011,1158.6782988410323
2019-01-15,,1487.0,1096.3773087136917,1306.065686510014,963.8535728566235,973.0875331739906,973.0875331739906,993.8344798596197,973.0875331739906,1374.2581602337539,1374.2581602337539,1397.742472565043,1374.2581602337539,1169.5234498258487
2019-01-16,,1480.0,1228.061177225931,1303.778545017202,965.2976191240175,975.9680285876952,975.9680285876952,996.0059609959433,975.9680285876952,1399.7451806438594,1399.7451806438594,1422.4651793679045,1399.7451806438594,1179.8717153710222
2019-01-17,,1473.0,1135.3098329262796,1304.5162245747358,966.6469555620658,978.7638394305371,978.7638394305371,998.0267721550038,978.7638394305371,1424.7567400297733,1424.7567400297733,1446.59894671733,1424.7567400297733,1190.3537572412195
2019-01-18,,1466.0,1164.858840636122,1298.984860831463,967.8854425910514,981.451155620432,981.451155620432,999.816214185864,981.451155620432,1449.2798794937764,1449.2798794937764,1470.118712869726,1449.2798794937764,1199.7834125883153
2019-01-19,,1459.0,1207.7847273451532,1298.0222378073233,968.9990509265402,984.0095131340689,984.0095131340689,1001.4276092841606,984.0095131340689,1473.3020726459526,1473.3020726459526,1493.0839114457726,1473.3020726459526,1209.51949762798
2019-01-20,,1452.0,1246.2850616215837,1292.9156684012655,969.9756401082872,986.421376365563,986.421376365563,1002.8642939864096,986.421376365563,1496.8112362865888,1496.8112362865888,1515.5036395998732,1496.8112362865888,1218.4655584250174
2019-01-21,,1445.0,1280.530159406816,1288.5795972377648,970.8047613124467,988.6717748257207,988.6717748257207,1004.120195160469,988.6717748257207,1519.795740605878,1519.795740605878,1537.3758689110482,1519.795740605878,1227.226931685616
2019-01-22,,1438.0,1311.1668549015806,1286.6763260588878,971.4774817208709,990.7479870402797,990.7479870402797,1005.1884681414491,990.7479870402797,1542.24441889006,1542.24441889006,1558.6960381838692,1542.24441889006,1236.0028907457195
2019-01-23,,1431.0,1339.5813905215307,1283.048420389474,971.9862280266491,992.6392654391351,992.6392654391351,1006.0632119670197,992.6392654391351,1564.1465767237123,1564.1465767237123,1579.4589785828994,1564.1465767237123,1244.266065411467
2019-01-24,,1424.0,1367.5269406943423,1282.8487035773433,972.3246469262913,994.3365968423929,994.3365968423929,1006.7397005154828,994.3365968423929,1585.4920006784864,1585.4920006784864,1599.6593824240545,1585.4920006784864,1252.6537035606163
2019-01-25,,1417.0,1394.521118277672,1276.7702366383332,972.487480689895,995.832493856964,995.832493856964,1007.2143098098552,995.832493856964,1606.270966479176,1606.270966479176,1619.2919499764034,1606.270966479176,1259.9963622233458
2019-01-26,,1410.0,1420.8521582816836,1275.6301695375482,972.4704561146456,997.12081311269,997.12081311269,1007.484395665108,997.12081311269,1626.4742466386106,1626.4742466386106,1638.3514615754796,1626.4742466386106,1267.6408252994227
2019-01-27,,1403.0,1446.894444339568,1270.68837421322,972.2701853570882,998.196596801632,998.196596801632,1007.5481747275423,998.196596801632,1646.0931175534888,1646.0931175534888,1656.8328293056557,1646.0931175534888,1274.4898740392186
2019-01-28,,1396.0,1473.378036562907,1266.8259369873692,971.884077308473,999.0559344487096,999.0559344487096,1007.4046185024972,999.0559344487096,1665.119366053877,1665.119366053877,1674.7311404610382,1665.119366053877,1281.1495467830691
2019-01-29,,1389.0,1500.9069281206519,1265.666885129564,971.3102583274473,999.6958422455104,999.6958422455104,1007.0533607768634,999.6958422455104,1683.5452953997506,1683.5452953997506,1692.0416958023711,1683.5452953997506,1287.8193094158457
2019-01-30,,1382.0,1529.327196973637,1263.0116787149354,970.5475012775985,1000.1141576297978,1000.1141576297978,1006.4946170719916,1000.1141576297978,1701.363730718571,1701.363730718571,1708.760043588494,1701.363730718571,1293.9712021687196
2019-01-31,,1375.0,1556.7424054487083,1263.9683448814885,969.5951619356863,1000.3094470979543,1000.3094470979543,1005.7291145749498,1000.3094470979543,1718.568023878561,1718.568023878561,1724.8820098824885,1718.568023878561,1300.2411966534553
2019-02-01,,1368.0,1582.9848247520242,1259.1836232655655,968.4531219415117,1000.2809255023631,1000.2809255023631,1004.8082820261088,1000.2809255023631,1735.1520577929807,1735.1520577929807,1740.460198544454,1735.1520577929807,1305.471399046041
2019-02-02,,1361.0,1608.1299924210975,1259.427978706406,967.1217375537381,1000.0283853157637,1000.0283853157637,1003.7580754660469,1000.0283853157637,1751.1102501513635,1751.1102501513635,1755.5121876020337,1751.1102501513635,1311.0121562828097
2019-02-03,,1354.0,1632.5113479169802,1255.915362838375,965.601793558915,999.5521345444986,999.5521345444986,1002.5717183821125,999.5521345444986,1766.437556574346,1766.437556574346,1770.0258415802289,1766.437556574346,1315.7617623246651
2019-02-04,,1347.0,1655.1528378404464,1253.4827750922523,963.8944617546108,998.8529421462346,998.8529421462346,1001.2507115283275,998.8529421462346,1781.1294731893768,1781.1294731893768,1783.9976501090841,1781.1294731893768,1320.3238036444372
2019-02-05,,1340.0,1639.4157394969898,1253.7129729686649,962.0012634929976,997.931989958636,997.931989958636,999.7944800078457,997.931989958636,1795.182038625267,1795.182038625267,1797.4229117106956,1795.182038625267,1324.8949606685012
2019-02-06,,1333.0,1714.2654522834448,1252.3688406285382,959.924035829348,996.7908302765826,996.7908302765826,998.2034716383051,996.7908302765826,1808.591835424219,1808.591835424219,1810.2988049488672,1808.591835424219,1328.9450605558327
2019-02-07,,1326.0,1744.8820691475844,1254.525274118232,957.6649008715171,995.4313483294461,995.4313483294461,996.4712618500705,995.4313483294461,1821.355990870631,1821.355990870631,1822.6154928749966,1821.355990870631,1333.1064510143715
2019-02-08,,1319.0,1766.73768218809,1250.8009369371352,955.2262379723435,993.8557290089173,993.8557290089173,994.5923780499834,993.8557290089173,1833.4721772366602,1833.4721772366602,1834.3638340916768,1833.4721772366602,1336.2048999427866
2019-02-09,,1312.0,1788.3665658476677,1251.943730985055,952.6106584476137,992.0664272838909,992.0664272838909,992.5670523029031,992.0664272838909,1844.9386114451918,1844.9386114451918,1845.5408870312258,1844.9386114451918,1339.5840507781204
2019-02-10,,1305.0,1812.1015449692197,1249.1508576629296,949.8209825384107,990.0661418136347,990.0661418136347,990.3879946901529,990.0661418136347,1855.7540541515423,1855.7540541515423,1856.1356630429223,1855.7540541515423,1342.1419862330963
2019-02-11,,1298.0,1835.178227754273,1247.248517088416,946.8602183687826,987.8577913354084,987.8577913354084,988.0531755062245,987.8577913354084,1865.917808245878,1865.917808245878,1866.1423730679248,1865.917808245878,1344.4819353992402
2019-02-12,,1291.0,1859.519774210416,1247.8145969762782,943.7315426781988,985.4444934591079,985.4444934591079,985.55138729279,985.4444934591079,1875.4297167790182,1875.4297167790182,1875.5461862166273,1875.4297167790182,1346.7990167050184
2019-02-13,,1284.0,1887.179685495872,1246.6128660152476,940.4382831335915,982.8295455505338,982.8295455505338,982.8789036472243,982.8295455505338,1884.2901603149444,1884.2901603149444,1884.3394319036702,1884.2901603149444,1348.5636120538363
2019-02-14,,1277.0,1910.9517716759171,1248.7245396883932,936.9839020482766,980.0164074274671,980.0164074274671,980.0322285719885,980.0164074274671,1892.500053713989,1892.500053713989,1892.5135779194957,1892.500053713989,1350.4108963138833
2019-02-15,,1270.0,1936.35007576586,1244.779585370212,933.3719813550223,977.0086856297429,977.0086856297429,977.0089435698877,977.0086856297429,1900.0608423513565,1900.0608423513565,1900.0610608734887,1900.0608423513565,1351.1700783913514
2019-02-16,,1263.0,1962.385423524382,1245.5416279199271,929.6062086982716,973.8101190566586,973.8101190566586,973.8101190566586,973.8101190566586,1906.9744977762498,1906.9744977762498,1906.9744977762498,1906.9744977762498,1352.1877108896153
2019-02-17,,1256.0,1988.5133129446847,1242.2273492788765,925.6903645262635,970.4245657929816,970.535623435577,970.4245657929816,970.4245657929816,1913.2435128175366,1913.3683217958403,1913.2435128175366,1913.2435128175366,1352.3947270321992
2019-02-18,,1249.0,2010.0036134510199,1239.685450752746,921.6283100777771,966.855990969091,967.0228970159669,966.855990969091,966.855990969091,1918.8708961425189,1919.0445872711628,1918.8708961425189,1918.8708961425189,1352.354377417609
2019-02-19,,1242.0,2038.251264106443,1239.51855163125,917.4239761706312,963.1084555218522,963.2611716380443,963.1084555218522,963.1084555218522,1923.8601662759984,1924.0195117250587,1923.8601662759984,1923.8601662759984,1352.2700568450855
2019-02-20,,1235.0,2061.05933870962,1237.5165618305664,913.0813527100672,959.1861057411471,959.3431431346457,959.1861057411471,959.1861057411471,1928.215345087441,1928.3793755984027,1928.215345087441,1928.215345087441,1351.6404168663573
2019-02-21,,1228.0,2087.025238529709,1238.7874194809322,908.6044788449235,955.0931635028684,955.5721355147593,955.0931635028684,955.0931635028684,1931.9409507546675,1932.4689762773737,1931.9409507546675,1931.9409507546675,1351.1876548291327
2019-02-22,,1221.0,2113.4122547163242,1233.9875827637743,903.9974337081619,950.8339171030036,951.893612213952,950.8339171030036,950.8339171030036,1935.0419902130807,1936.185851778916,1935.0419902130807,1935.0419902130807,1349.7270368871218
2019-02-23,,1214.0,2138.9444164605175,1233.9061585934774,899.2643276859957,946.4127126194196,947.6264723528086,946.4127126194196,946.4127126194196,1937.5239511000364,1938.7982872412372,1937.5239511000364,1937.5239511000364,1348.433571664054
2019-02-24,,1207.0,2163.477555710245,1229.7835813813795,894.4092941666738,941.8339457383713,942.9938928937227,941.8339457383713,941.8339457383713,1939.39279320454,1940.6158859923742,1939.39279320454,1939.39279320454,1346.2820165399967
2019-02-25,,1200.0,2189.3631248113147,1226.4899281561513,889.4364817260166,937.1020539917841,938.2743302545686,937.1020539917841,937.1020539917841,1940.6549394330145,1941.9005052941743,1940.6549394330145,1940.6549394330145,1343.9519040350633
2019-02-26,,1193.0,2213.319052067032,1225.6462587285682,884.3500467121426,932.2215093592092,933.3747787546579,932.2215093592092,932.2215093592092,1941.3172663024334,1942.5633860314572,1941.3172663024334,1941.3172663024334,1341.626502693764
2019-02-27,,1188.0,2244.477954560279,1223.057530727053,879.1541461965589,927.1968111951384,928.3039998029021,927.1968111951384,927.1968111951384,1941.3870939726548,1942.6101047821535,1941.3870939726548,1941.3870939726548,1338.7866989805318
2019-02-28,,1184.0,2269.396742164106,1223.8429894182607,873.8529312629805,922.0324794482699,923.0185602264958,922.0324794482699,922.0324794482699,1940.8721758303163,1941.991501549136,1940.8721758303163,1940.8721758303163,1336.0644116267556
2019-03-01,,1194.0,2296.4613369837903,1218.6664273077843,868.4505406089459,916.733048144421,917.6537566717611,916.733048144421,916.733048144421,1939.7806876371496,1940.8488486462948,1939.7806876371496,1939.7806876371496,1332.3308805997408
2019-03-02,,1204.0,2322.741206033524,1218.3201984396492,862.9510944385725,911.3030591092104,912.1523772398298,911.3030591092104,911.3030591092104,1938.1212162560826,1939.1263590520832,1938.1212162560826,1938.1212162560826,1328.92482248759
2019-03-03,,1214.0,2348.0309479182874,1214.0438996283137,857.3586886276839,905.7470559104606,906.4941463857642,905.7470559104606,905.7470559104606,1935.9027479689566,1936.8043297079025,1935.9027479689566,1935.9027479689566,1324.7500840135626
2019-03-04,,1224.0,2372.4567596540023,1210.7028006896514,851.6773891450937,900.0695780035903,900.7018229450646,900.0695780035903,900.0695780035903,1933.1346564001642,1933.9077800803698,1933.1346564001642,1933.1346564001642,1320.424782708461
2019-03-05,,1234.0,2396.94112279492,1209.9094051652105,845.9112267160781,894.2751550661171,894.7315553178494,894.2751550661171,894.2751550661171,1929.8266900609394,1930.4238682282514,1929.8266900609394,1929.8266900609394,1316.1474682101878
2019-03-06,,1244.0,2422.5047011164165,1207.456681476547,840.0641917160358,888.3683015098746,888.7384189394788,888.3683015098746,888.3683015098746,1925.9889595294742,1926.4799535436218,1925.9889595294742,1925.9889595294742,1311.4317209692974
2019-03-07,,1254.0,2449.597325099808,1208.4488522060662,834.1402292840908,882.3535111616625,882.6404813861825,882.3535111616625,882.3535111616625,1921.6319242824297,1922.0042972595702,1921.6319242824297,1921.6319242824297,1306.9005913780118
2019-03-08,,1264.0,2477.5938769340028,1203.5321223649842,828.1432346478902,876.2352521048861,876.4658846997322,876.2352521048861,876.2352521048861,1916.7663791938098,1917.018233942752,1916.7663791938098,1916.7663791938098,1301.395342281594
2019-03-09,,1274.0,2506.013280593614,1203.4792159890221,822.0770486522058,870.017961676315,870.1385102032925,870.017961676315,870.017961676315,1911.4034407175277,1911.5055672056674,1911.4034407175277,1911.4034407175277,1296.2553933547342
2019-03-10,,1282.0,2533.3976168314125,1199.5086167564345,815.9454534850908,863.7060416134259,863.7060416134259,863.7060416134259,863.7060416134259,1905.5545327703544,1905.5545327703544,1905.5545327703544,1905.5545327703544,1290.4044741741084
2019-03-11,,1294.0,2561.918973567908,1196.463577710194,809.7521685963691,857.3038533489525,857.3038533489525,857.3038533489525,857.3038533489525,1899.2313723322561,1899.2313723322561,1899.2313723322561,1899.2313723322561,1284.4776779187737
2019-03-12,,1306.0,2592.3144531943108,1195.9342646481568,803.500846804103,850.8157134502401,851.2214913809834,850.8157134502401,850.8157134502401,1892.4459547814604,1892.9019767874267,1892.4459547814604,1892.4459547814604,1278.7602395105089
2019-03-13,,1321.0,2622.075501766492,1193.6915567378587,797.1950705854481,844.2458892018234,844.8557237773384,844.2458892018234,844.2458892018234,1885.2105389818507,1885.845164615193,1885.2105389818507,1885.2105389818507,1272.562546510398
2019-03-14,,1336.0,2652.0409230820983,1194.8183766810891,790.8383485489487,837.5985943303491,838.1565823100269,837.5985943303491,837.5985943303491,1877.537632140591,1878.119842109054,1877.537632140591,1877.537632140591,1266.5257003238748
2019-03-15,,1351.0,2683.0704669580587,1189.9409173471588,784.4341120858918,830.8779848715423,831.4517617597779,830.8779848715423,830.8779848715423,1869.4399744541013,1870.039302512588,1869.4399744541013,1869.4399744541013,1259.5627515445879
2019-03-16,,1366.0,2714.363751137504,1189.8136220695674,777.9857121987977,824.0881551793985,824.6585740442956,824.0881551793985,824.0881551793985,1860.930523560751,1861.5341085143423,1860.930523560751,1860.930523560751,1253.0036717884127
2019-03-17,,1381.0,2745.7576600535704,1185.638804251805,771.4964165055338,822.5331988857828,817.8071453276979,817.2331340781801,817.2331340781801,1857.978766164892,1852.6430738962292,1852.0224388188299,1852.0224388188299,1245.7620732219107
2019-03-18,,1396.0,2776.6131324609164,1182.2459636447056,764.9694064178541,818.2822300035363,810.8376309534601,810.3168811581078,810.3168811581078,1851.0182224537202,1843.3075601941564,1842.729065428549,1842.729065428549,1238.431556797936
2019-03-19,,1411.0,2806.875488151167,1181.2141586237035,758.4077744934434,810.6314382142252,803.816368358132,803.3432832159021,803.3432832159021,1840.6684487048365,1833.6024105312817,1833.0639184169677,1833.0639184169677,1231.2318894090376
2019-03-20,,1426.0,2839.291309193315,1178.3059553481135,751.8145219607613,803.8105325275278,796.8662001617338,796.3161508415075,796.3161508415075,1830.8687845722852,1823.6761444493322,1823.0406665049072,1823.0406665049072,1223.6720570765963
2019-03-21,,1441.0,2872.331506238871,1178.5988260063166,745.192556416142,796.6897360467508,789.7629761543146,789.2392151524878,789.2392151524878,1820.5568353396482,1813.2809223002694,1812.6731158749947,1812.6731158749947,1216.3324928665008
2019-03-22,,1459.0,2907.4581702404007,1172.7163654219078,738.5446896927384,789.6135674714787,782.6024393571436,782.1161246776718,782.1161246776718,1810.0816133641429,1802.5464655421601,1801.975193860098,1801.975193860098,1208.0740746361862
2019-03-23,,1479.0,2939.2674737669736,1171.4131878835472,731.8736359009863,781.7522111790108,775.3361647937359,774.9504423916889,774.9504423916889,1798.516936770528,1791.4314671555826,1790.9609325714764,1790.9609325714764,1200.2346507075229
2019-03-24,,1501.0,2970.112583863268,1165.8943966101024,725.1820096403133,773.9248402495809,768.0841396952239,767.7456429020576,767.7456429020576,1786.6779624135163,1780.063535649773,1779.6444524860085,1779.6444524860085,1191.7505340464431
2019-03-25,,1523.0,3000.9116822503242,1160.9946917835887,718.4723243818511,766.6251483616227,760.7960649021841,760.5051097904857,760.5051097904857,1775.1440108929642,1768.3966175196515,1768.0399460118892,1768.0399460118892,1183.2187262740033
2019-03-26,,1545.0,3027.3513133229976,1158.300486528796,711.7469910219008,758.4735311718782,753.470282621108,753.232133110007,753.232133110007,1762.435786426919,1756.4458931944641,1756.1616610522033,1756.1616610522033,1174.8439052113363
2019-03-27,,1567.0,3055.6189390190616,1153.583562871547,705.0083166058816,750.818202885931,746.1421144198257,745.9299070395236,745.9299070395236,1749.9583070943067,1744.2313180344097,1744.0238845857239,1744.0238845857239,1166.10911189777
2019-03-28,,1589.0,3084.137077323219,1151.9321517393794,698.258503222444,742.1345213750567,738.6956289864229,738.6283047764659,738.6015276972481,1736.2146683793078,1731.750157893845,1731.671018944467,1731.6409262842858,1157.64727744307
2019-03-29,,1611.0,3112.1777198136983,1143.9818184312073,691.4996470673665,734.1749566009298,731.3305824880098,731.3566102893326,731.2499911144478,1722.917645442932,1719.1235727031676,1719.1435761551934,1719.0271021859735,1148.3391125543374
2019-03-30,,1629.0,3139.6483155440224,1140.5000274562356,684.73373767678,726.17276816441,723.9533534691334,724.1212028230624,723.8781913707794,1709.2273469906156,1706.2879657127555,1706.4585624458766,1706.196718443302,1139.5162199247407
2019-03-31,,1645.0,3166.9830928205215,1132.7052906737513,677.9626573291596,718.2334898134893,716.5432419584695,716.9249093075962,716.4889188923869,1695.3590589157861,1693.2343807071004,1693.6303852285168,1693.1640551654405,1130.0817299078026
2019-04-01,,1660.0,3194.6111644147068,1125.4459752993541,671.1881806154292,710.6156195553199,709.1298329805209,709.7711826998715,709.0848589137939,1681.2401825489642,1680.0031710970447,1680.6746117875964,1679.943350373398,1120.655145470876
2019-04-02,,1672.0,3221.2743685221417,1120.3221505614945,664.4119741764002,701.6685901044834,701.703871358332,702.6631645175446,701.6685901044834,1666.5487840869337,1666.5953828215654,1667.6071289358747,1666.5487840869337,1111.4401308203287
2019-04-03,,1682.0,3248.587519612805,1113.119012930666,657.6355966066424,694.2425833608994,694.4705505453201,695.6002746002346,694.2425833608994,1652.9944625617666,1653.2542613926482,1654.4401714153064,1652.9944625617666,1101.9696141766856
2019-04-04,,1692.0,3276.58155749176,1108.937780121191,650.8604985237494,686.8092007644477,687.1350306230352,688.5803239262266,686.8092007644477,1639.2944026954656,1639.6289245318135,1641.1840932031855,1639.2944026954656,1092.8037817986392
2019-04-05,,1703.0,3304.351806086526,1098.4264395045166,644.088022801824,679.3706947059031,679.6472875082288,681.6039002928819,679.3706947059031,1625.4625166201747,1625.7511161825023,1627.8520767303569,1625.4625166201747,1082.7752567932985
2019-04-06,,1713.0,3331.7516646053477,1092.3642270131113,637.3194049678585,671.9292071764578,672.2136264887134,674.6685816215559,671.9292071764578,1611.5125965000777,1611.809681443207,1614.453948286679,1611.5125965000777,1073.2839091872074
2019-04-07,,1733.0,3360.270673367055,1081.9807405769138,630.5557737595337,664.4867692254682,664.7695239766233,667.7724413330609,664.4867692254682,1597.458299551245,1597.7574946232462,1600.999633785412,1597.458299551245,1063.2225846039378
2019-04-08,,1751.0,3387.827317808213,1072.1347627302412,623.7981518428094,657.0453005847751,657.3298360691456,660.9095141623225,657.0453005847751,1583.3131333012198,1583.6207800633933,1587.494795990809,1583.3131333012198,1053.2057843430894
2019-04-09,,1769.0,3414.849062833113,1064.4361673097455,617.0474566875175,649.6066094592886,649.8647434163861,654.0749943895431,649.6066094592886,1569.0904411053841,1569.3771990539021,1573.9457972473315,1569.0904411053841,1043.4304260836373
2019-04-10,,1787.0,3441.6225974053864,1054.6794445303753,610.3045015990107,642.1723924833409,642.4068992289945,647.2654979788585,642.1723924833409,1554.80338793683,1555.0703167029556,1560.3593951529856,1554.80338793683,1033.3827294516689
2019-04-11,,1805.0,3468.0374976174194,1047.974727455771,603.5699969037557,634.7442348421196,634.9764964527908,640.4777998497511,634.7442348421196,1540.4649464660997,1540.7345528635778,1546.7417518008506,1540.4649464660997,1023.7105633293396
2019-04-12,,1823.0,3494.642530977458,1034.978697044877,596.8445512866007,627.3236105573096,627.5225268781578,633.7103806938726,627.3236105573096,1526.0878834468085,1526.3259928064385,1533.0984608667054,1526.0878834468085,1013.2365129475962
2019-04-13,,1841.0,3521.2992629425175,1026.479232437674,590.1286732772818,619.9118829358712,620.0973986729907,626.9557089234097,619.9118829358712,1511.6847464227535,1511.9099637174204,1519.4326385086938,1511.6847464227535,1003.3250306120119
2019-04-14,,1854.0,3549.0579711303812,1013.7147004948245,583.4227728835699,612.5103051807022,612.6443858392734,620.2106650501153,612.5103051807022,1497.2678507717421,1497.4414288780624,1505.7526678737586,1497.2678507717421,992.870597121506
2019-04-15,,1864.0,3572.5449599253106,1001.5529489573747,576.7271633683006,605.1200211617297,605.2310265397435,613.4755875128317,605.1200211617297,1482.8492671009153,1482.9969171251341,1492.069712674369,1482.8492671009153,982.5028305550499
2019-04-16,,1874.0,3599.0857587139158,991.6133680056867,570.0420631673657,597.7420663457953,597.8291478397603,606.7507198767919,597.7420663457953,1468.4408090079314,1468.5558244052304,1478.394694565327,1468.4408090079314,972.421086651736
2019-04-17,,1884.0,3627.432368175905,979.7005448636844,563.3675979455883,590.3773688835031,590.443577102186,600.0362128677468,590.3773688835031,1454.054021221899,1454.1373238188612,1464.7382823525759,1454.054021221899,962.1068661320055
2019-04-18,,1892.0,3649.5822226862697,970.9353856804378,556.7038027872467,583.0267508510149,583.0848447548392,593.3321265398848,583.0267508510149,1439.7001681374916,1439.7493842210777,1451.1108815717014,1439.7001681374916,952.2054180679618
2019-04-19,,1900.0,3677.6110648853155,955.9860742664669,550.0506245178565,575.6909296445876,575.6909296445876,586.6384325742883,575.6909296445876,1425.390222755174,1425.390222755174,1437.5226244478777,1425.390222755174,941.5450075757515
2019-04-20,,1890.0,3698.747346772205,945.6527282178191,543.4079241536697,568.3705195254682,568.4877131739587,579.9550167045146,568.3705195254682,1411.1348560399788,1411.2665607942843,1423.9833602485382,1411.1348560399788,931.5323348572788
2019-04-21,,1881.0,3726.080411381398,931.1866420210816,536.7754794752022,561.0660333125736,561.2865156153402,573.2816812657255,561.0660333125736,1396.944426710746,1397.177561031965,1410.5026460395495,1396.944426710746,921.027623184023
2019-04-22,,1871.0,3753.2536660269457,917.4691789863839,530.1529877209553,553.7778842202118,554.0056975206462,566.6181478636431,553.7778842202118,1382.8289714712132,1383.0664902291005,1397.0897378551736,1382.8289714712132,910.626136983416
2019-04-23,,1861.0,3781.085275193897,906.1336762879469,523.5400683973546,546.5063878379171,546.7330939448311,559.9640601594521,546.5063878379171,1368.79819569379,1369.034928938543,1383.7535822915802,1368.79819569379,900.557999193927
2019-04-24,,1851.0,3804.318483855102,892.9988893432228,516.9362662007975,539.2517642493026,540.7413829025124,553.3189867666323,539.2517642493026,1354.8614645663054,1356.5197371788909,1370.502808533147,1354.8614645663054,890.6414124676014
2019-04-25,,1841.0,3830.374107858523,883.1998534181927,510.3410540475603,532.0141402866664,534.1391396978278,546.6824242555641,532.0141402866664,1341.0277947114344,1343.246996585515,1357.3457208202567,1341.0277947114344,880.9996404778773
2019-04-26,,1831.0,3856.732006156613,867.4185376902035,503.75383620719606,524.7935519179174,526.742294613591,540.0538002616117,524.7935519179174,1327.3058462879376,1329.351704334223,1344.290291366748,1327.3058462879376,870.4637328349286
2019-04-27,,1821.0,3883.134910664228,856.4681598060326,497.1739515349252,517.5899467622297,519.568212230568,533.4324766922672,517.5899467622297,1313.7039155822558,1315.7868592736609,1331.3441537346189,1313.7039155822558,860.6334594520698
2019-04-28,,1811.0,3909.3543936254614,841.6120596838923,490.6006767984054,510.4031867306726,512.3644889877928,526.817753028808,510.4031867306726,1300.2299280983898,1302.323300198199,1318.5145966730258,1300.2299280983898,850.3582487748982
2019-04-29,,1800.0,3935.919433258995,827.7422049481058,484.0332300941528,503.233050787917,505.1856036674985,520.2088697178115,503.233050787917,1286.8914321534075,1289.0200770498197,1305.8085584280511,1286.8914321534075,840.2653783558454
2019-04-30,,1790.0,3962.910040754026,816.5007038986964,477.4707743487817,496.07923783096504,497.85096224775833,513.6050116477496,496.07923783096504,1273.6955929852725,1275.6787051479487,1293.2326215291216,1273.6955929852725,830.5142012045367
2019-05-01,,1779.0,3989.744835936317,803.7128645993882,470.9124209001237,488.94136968070796,490.9909591789387,507.0053117057877,488.94136968070796,1260.6491873790874,1262.9908301610474,1280.7930080573908,1260.6491873790874,820.7494939578089
2019-05-02,,1769.0,4017.9570247097167,794.5176906816517,464.35723315319507,481.81899418198196,484.57593225004507,500.40885440980816,481.81899418198196,1247.7585988171982,1250.8717936194248,1268.495575400796,1247.7585988171982,811.6005840642626
2019-05-03,,1758.0,4046.342583271661,779.5982017664991,457.8042303058881,474.711588407656,477.5429425080403,493.8146796105883,474.711588407656,1235.0298131579646,1238.2029956863596,1256.3458124999108,1235.0298131579646,801.6312829928634
2019-05-04,,1746.0,4074.9429944882763,769.7654587769899,451.2523911391793,467.61856196215797,470.7134043139745,487.22178625897163,467.61856196215797,1222.4684148473696,1225.939189889929,1244.348836588113,1222.4684148473696,792.4160054720857
2019-05-05,,1735.0,4103.5769637013445,756.277204296846,444.70065786656755,460.53926037972633,464.06362771339275,480.6291362327936,460.53926037972633,1210.079583666973,1214.0199458042607,1232.5093904289818,1210.079583666973,782.8523507986927
2019-05-06,,1724.0,4132.351470497745,744.0162005702068,438.1479400373862,453.47296861255467,457.0644070938204,474.0356582182476,453.47296861255467,1197.8680920210782,1201.8456281063538,1220.83184005323,1197.8680920210782,773.4103418391097
2019-05-07,,1712.0,4161.273566798689,734.6116497074848,431.5931184885639,446.41891460389076,449.930634605313,467.4402516403077,446.41891460389076,1185.8383027653103,1189.7400688881178,1209.3201729968778,1185.8383027653103,764.3616392119832
2019-05-08,,1701.0,4189.700175623844,723.8722415000087,425.0350493393535,439.3762729410423,442.7560367629382,460.84179063676487,439.3762729410423,1173.994167578156,1177.718312122538,1197.9779970417428,1173.994167578156,755.1964834903181
2019-05-09,,1689.0,4217.404480796342,716.9167241638354,418.4725680234941,432.344168583148,435.566903059904,454.2391280703778,432.344168583148,1162.3392258763433,1165.7896671789813,1186.8085394587347,1162.3392258763433,746.5596155518523
2019-05-10,,1677.0,4245.973793923233,704.4043883505608,411.9044933532251,425.3216806584793,428.05142097437863,447.6310995735933,425.3216806584793,1150.8766042742911,1153.9382051874827,1175.814646753808,1150.8766042742911,737.2428173907274
2019-05-11,,1666.0,4274.385136357912,697.1193447175523,405.32963160953415,418.3078463259509,420.8006195588345,441.0165276202479,418.3078463259509,1139.6090165871865,1142.46841778936,1164.9987849158304,1139.6090165871865,728.7062736405621
2019-05-12,,1656.0,4301.954913678452,686.2895027592692,398.7467806529868,411.30166469544315,414.2270369601517,434.3942256186292,411.30166469544315,1128.5387643765916,1131.942004402529,1154.3630401650048,1128.5387643765916,719.9753774538258
2019-05-13,,1645.0,4328.853718855316,676.7653285786625,392.1547340494608,404.3021008014637,407.2812215410469,427.7630020202493,404.3021008014637,1117.667738036825,1121.0987427448663,1143.9091201998808,1117.667738036825,711.3677484965569
2019-05-14,,1633.0,4355.665189135242,670.141758872036,385.5522852050902,397.3080896246124,401.2385195059546,421.12166443866084,397.3080896246124,1106.9974184197,1111.5249201944687,1133.6383559403785,1106.9974184197,703.4403765251127
2019-05-15,,1623.0,4383.272314672013,662.1918070153914,378.93823150471235,390.31854015525386,394.85643305243076,414.46902377263405,390.31854015525386,1096.5288789945573,1101.5619174842798,1123.5517037636546,1096.5288789945573,695.3020669678642
2019-05-16,,1612.0,4406.55239527204,657.997745057289,372.3113784481058,383.33233949375074,387.8574916541463,407.8038983280056,383.33233949375074,1086.2627885398745,1091.2349640392429,1113.6497482290342,1086.2627885398745,687.5562942236811
2019-05-17,,1600.0,4434.595732572019,648.18223872019,365.6705437783104,376.3483569815649,385.2333224615778,401.12511793251184,376.3483569815649,1076.1994143620877,1086.0058623030716,1103.9327052876408,1076.1994143620877,680.3371952283693
2019-05-18,,1590.0,4475.59862589466,643.4933010795496,359.014561596329,369.3654483574975,390.93805743607265,394.4315280379274,369.3654483574975,1066.3386260366342,1089.9153315402045,1094.4004259717763,1066.3386260366342,675.9871600069988
2019-05-19,,1579.0,4509.843890747596,635.1239569897468,352.3422864565282,362.38245993330577,394.29753444272933,387.72199380384137,362.38245993330577,1056.6798996655752,1090.5860911694233,1085.0524005585046,1056.6798996655752,670.5233278774568
2019-05-20,,1567.0,4530.945595543709,627.8916797026452,345.65259743707725,355.3982327829124,388.57168422973524,380.99540415743,355.3982327829124,1047.2223226455462,1082.0332468975428,1075.887763201341,1047.2223226455462,662.9566163817788
2019-05-21,,1554.0,4551.910038419602,623.3609605505153,338.9444021797931,348.4116069394057,380.7853574029465,374.2506758236086,348.4116069394057,1037.964598939158,1072.1498011749934,1066.9052970233593,1037.964598939158,655.3465875042225
2019-05-22,,1543.0,4575.207068076501,617.2775314511284,332.2166408938006,341.4214255940192,373.8240870873847,367.4867573199839,341.4214255940192,1028.9050548423616,1063.5108767306656,1058.1034396644854,1028.9050548423616,647.8432266979787
2019-05-23,,1532.0,4599.495933229164,614.7001086194548,325.4682903174579,334.4265392912769,365.8047224693265,360.70263291106914,334.4265392912769,1020.0416452396936,1054.242844725887,1049.4802892751934,1020.0416452396936,640.60838410617
2019-05-24,,1520.0,4623.853743477182,606.2320202982996,318.6983676330446,327.42581011449465,356.7039855501726,353.8973265162729,327.42581011449465,1011.3719603387266,1044.0461656587968,1041.03361094827,1011.3719603387266,632.4261558822598
2019-05-25,,1507.0,4648.0234913312315,602.6065714130453,311.90593432877654,320.41811585584117,347.1378500245125,347.0699055662311,320.41811585584117,1002.8932328744677,1033.4502277647932,1032.7608435798038,1002.8932328744677,624.7803351759339
2019-05-26,,1497.0,4673.0714855580145,595.0070263365892,305.0901000027643,313.4023541651787,338.31979597809845,340.21948480210926,313.4023541651787,994.6023457738836,1023.7164220885702,1024.6591071500109,994.6023457738836,616.8770795371506
2019-05-27,,1485.0,4697.857623244099,588.2462625154627,298.2500261036117,306.37744667193226,328.8269847486836,333.3452300125774,306.37744667193226,986.495840270175,1013.2438419431035,1016.7252104140263,986.495840270175,608.9388553349465
2019-05-28,,1474.0,4723.815536204016,583.8894495695471,291.38492960242223,299.3423430742662,318.61159163764955,326.44636170322985,299.3423430742662,978.5699244558697,1002.1578523063472,1008.9556589922729,978.5699244558697,601.1697639177006
2019-05-29,,1462.0,4749.958928134871,577.6882699863193,284.49408659106814,292.29602518988963,307.77745465116277,319.52215869330877,292.29602518988963,970.8204822632936,990.3647965882892,1001.3466638495566,970.8204822632936,593.038742226611
2019-05-30,,1449.0,4776.809607740121,574.7125488899661,277.5768358016649,285.237510962858,298.3753936888819,312.5719616346762,285.237510962858,963.2430828604388,980.2677334930501,993.894150151549,963.2430828604388,585.7349021853856
2019-05-31,,1438.0,4803.370824116938,565.5816575693896,270.63258204229044,278.16585842079115,289.490218320909,305.59517644807426,278.16585842079115,955.8329904497654,970.1309924891644,986.593766486877,955.8329904497654,577.7529052784076
2019-06-01,,1427.0,4829.58183896093,561.0495482817196,263.660799544091,271.08016957699164,280.15214225672446,298.59127767181553,271.08016957699164,948.5851744569779,959.2445012722478,979.4408944425919,948.5851744569779,570.225563437895
2019-06-02,,1415.0,4854.433489668431,552.3243087601354,256.6610352150225,263.9795942720112,270.8043128391966,291.5598117181505,263.9795942720112,941.4943200963472,948.3944162682546,972.4306585203603,941.4943200963472,562.2060572111848
2019-06-03,,1404.0,4879.772141429122,544.2472988721081,249.6329117955928,256.86333394929056,260.2986011390252,284.50040003267276,256.86333394929056,934.5548392986977,937.8487649646423,965.5579363803156,934.5548392986977,554.1880108040431
2019-06-04,,1393.0,4904.297769005636,538.4152359412808,242.5761309120856,250.39315346052786,251.56058153924198,277.4127421522409,249.73064535957752,928.5054229059978,929.7394539816795,958.81736939911,927.76088198774,547.0016301591195
2019-06-05,,1381.0,4929.542486935639,530.6137586554394,235.49047602287771,243.57651279459242,245.1144184167135,270.2966186570193,242.5808441889139,922.1424923181538,923.9321617679803,952.2033735283255,921.1063476900074,540.1672498659096
2019-06-06,,1369.0,4949.908142053839,525.9483523878057,228.37581525358675,236.32432797987002,240.3950405041793,263.1518940123704,235.41330860507964,915.5354637492404,920.0960718070584,945.710150439045,914.5848974632568,534.2094413090479
2019-06-07,,1358.0,4981.520650623805,515.0750171096779,221.2321041169255,243.07695054818805,240.9586807034302,255.97851929646578,228.22748271747852,924.803840169643,922.1861028674678,939.3316989380389,908.1899661278077,528.8974464846615
2019-06-08,,1346.0,5019.969081783017,508.7845526257077,214.05938811328005,242.86323577659147,240.26888167062168,248.77653480962147,221.02287994555888,924.6592769090826,922.4520765381565,933.0618266406902,901.914774784926,523.7926143910703
2019-06-09,,1335.0,5063.601623016143,498.32136705052176,206.85780520817335,233.8676735107975,233.95728260975153,241.54607256151024,213.79908629097372,916.7275380496798,916.9959151108959,926.8941618854809,895.752343606019,516.7655042904158
2019-06-10,,1324.0,5090.790552273042,488.56188828518515,199.62758818292804,227.0787365330221,226.182637045938,234.28735863255153,206.5557635088032,911.1888153278264,910.4932090093037,920.8221658745638,889.695504876078,509.5282644269189
2019-06-11,,1312.0,5107.739132007118,481.1359616982095,192.36906685499727,219.622669189168,218.75784532073283,227.00071540593396,199.29265217328734,905.3108686101502,904.5892509547797,914.8391450246748,883.7369162744964,502.71519421338894
2019-06-12,,1301.0,5123.113278551702,471.8597795761982,185.0826701645924,212.45536678878042,210.96533860985699,219.68656366688495,192.00957463364497,900.0364336843678,898.5235871423254,908.9382635123908,877.8690743761149,495.61685646025103
2019-06-13,,1289.0,5142.876894143599,465.86623936910064,177.76892812439985,203.2162556801458,202.40478864213182,212.34542456596398,184.70643785569155,892.7031050494168,891.7779385176133,903.1125559974979,872.0843283550671,488.75833017843325
2019-06-14,,1279.0,5166.5838109185215,453.83512430525036,170.42847362934745,194.21466616315672,193.59609614117008,204.97792144332203,177.38323614510716,885.5796602470477,884.702575672427,897.3549405080275,866.374893873767,481.0816577148023
2019-06-15,,1269.0,5193.3249596073665,446.5769913989671,163.06204412355427,186.5467792073158,184.96922727609825,197.5847815110442,170.04005374835523,879.9527552138491,878.0893445537605,891.6582314703203,860.7328671391498,474.08919265265615
2019-06-16,,1259.0,5220.593564749375,435.3516807082898,155.6704831217696,181.43891463227163,176.43358600989131,190.166837390861,162.67706732739705,877.3179225516344,871.5326362808893,886.0151528673033,855.1502391080808,466.6247103518103
2019-06-17,,1249.0,5248.773185766624,425.0465310053216,148.2547415827909,175.38282724028292,167.53720746149116,182.72502850469715,155.29454830450987,872.8286098741338,864.5001483210177,880.4183515080158,849.6189098236644,459.1744333139386
2019-06-18,,1239.0,5277.17398337634,417.2976878207555,140.8158791325265,166.4122128703887,157.76475862812086,175.26040231570423,147.8928650736696,866.0432790071737,856.5743029346319,874.860410391282,844.1307028640317,451.8246261450903
2019-06-19,,1229.0,5307.208230179533,407.9230494953552,133.35506513455977,158.8821229553174,150.43795181971066,167.7741154176099,140.47248507512913,860.0463417780509,851.2371601773119,869.333862146319,838.677379885048,444.9013836438805
2019-06-20,,1219.0,5339.407367705353,402.0527456754698,125.8735796062542,149.2205240949087,147.1470568369851,160.26743447039968,133.03397672998682,851.9065748504754,849.8232404636236,863.8312025329757,833.2506552382714,439.40998644424576
2019-06-21,,1209.0,5370.708185942396,390.35953668376834,118.37281397863384,140.46496318720196,140.25086273858756,152.74173698054173,125.57801123171697,844.6112715897866,843.9370186295574,858.3449039842294,827.842210645401,432.1783868590545
2019-06-22,,1199.0,5400.508047324727,383.64301126045797,110.85427169846088,131.80041901185137,130.96332196302194,145.19851192415138,118.10536419180744,836.4012577777472,835.7610878632687,852.8674291735135,822.4437099103893,424.97958849813386
2019-06-23,,1189.0,5429.561334521097,373.14848685151713,103.31956867113257,119.77243621281747,122.73233343156167,137.6393602116904,110.61691713683109,827.2543445889391,829.6774188649016,847.391244589426,817.0468136503473,417.696517925926
2019-06-24,,1179.0,5457.358246413777,363.7456860591279,95.77043354321074,111.86957699786547,115.35155232937319,130.0659949929879,103.1174731286655,821.6372528968145,824.7076165978046,841.9088341003566,811.6474805901136,410.789383917705
2019-06-25,,1169.0,5485.490178245658,357.0505621368959,88.2087078235997,105.92254096781835,108.13276698610454,122.48024180157077,95.60241897350289,818.2093277949025,819.8229508614794,836.4127124915861,806.2305148762268,404.24260949387076
2019-06-26,,1160.0,5515.11715081717,348.85880492023983,80.63634584258472,99.38715963805288,103.28501159839999,114.88403853748571,88.07245209844683,813.6718499317356,817.6146837968089,830.8954389574461,800.7880920022913,398.1293584692129
2019-06-27,,1152.0,5542.968626000492,344.2769066220231,73.05541454814568,89.88268338984824,98.26206721225003,107.27943528799949,80.5319308402004,806.2505505694473,814.8029389859396,825.349630531183,795.3148320321284,392.3591445074837
2019-06-28,,1144.0,5569.966156779465,333.953160562383,65.46809313916054,81.72678932996479,92.7512848126405,99.66859398576105,72.98146764650863,800.0816474397086,811.6681209463475,819.7679754352457,789.8018254434189,385.7575652464333
2019-06-29,,1136.0,5597.2715357745565,328.66245502662565,57.87667253531714,75.56699640848262,88.54882884085646,92.05378790421292,65.57017500050301,796.0941234250265,809.8622591756204,814.143246334815,784.4068325351386,380.1405321691362
2019-06-30,,1128.0,5624.843197715443,319.62575159247876,50.28355468375236,68.57260618913239,82.79787866271727,84.43740099023847,58.07853801011299,790.6827665444929,806.1256404262552,808.4683134775112,778.8549320898512,373.5840012416147
2019-07-01,,1120.0,5651.146820853082,311.68930756136297,42.691251702641296,59.81386393184488,74.02503023351261,76.82192703423806,51.14092265172252,783.1695710689411,799.2693027828171,802.7361577023554,773.8880880654103,366.53274846675754
2019-07-02,,1112.0,5675.884962823829,306.4470026050368,35.10238486216309,50.41831356791238,64.81871494267608,69.20996867802427,43.901371846853465,775.7165825480424,791.9698531283523,796.939883301218,768.4301999558123,359.60242241501703
2019-07-03,,1104.0,5700.589060946692,299.674289776801,27.519683403468377,57.26117666976438,58.31790248462835,61.60423626113027,36.615715574355306,785.8807322789778,787.483743485233,791.0727307161694,762.9368171983069,353.1531398625116
2019-07-04,,1096.0,5725.118233365451,296.45964087268317,19.94598319648054,55.83672804603975,50.56568256015947,54.00754650632854,29.7314848259914,785.4280714158847,781.0228390524001,785.1280890563463,757.7517650363013,346.82662888833636
2019-07-05,,1089.0,5751.104760870763,287.4358517809571,12.384225237556905,45.880689221715784,41.52810706091782,46.42282104535212,22.76162135037157,777.0909708977404,773.4310210041763,779.0995084181682,752.3817224786095,339.4306097970137
2019-07-06,,1083.0,5776.210705730314,283.3650647522637,4.837453988244363,37.89520400516642,31.938669482249793,38.853084786017405,15.953752794060108,770.6544548519355,765.544098440484,772.9807119929751,747.0991083223826,332.5714930698347
2019-07-07,,1076.0,5801.347033533942,275.4583939294013,0.0,29.885450963344567,22.673672111069834,31.301464122137872,8.880909324521554,764.2838930575804,757.7255859129234,766.7656079464197,741.3950817906093,325.5250893921354
2019-07-08,,1070.0,5826.124935163317,268.55521305867745,0.0,21.715101530059997,14.01997039543312,23.771184987820618,2.261883663417791,757.720234687793,750.2191609026573,760.4483010542197,736.1208119870846,319.4245657561638
2019-07-09,,1064.0,5851.827975178228,264.2454670307982,0.0,11.818897361640552,4.505954040810252,16.265570757929254,0.0,749.1673154889388,741.692031826045,754.0231040791775,730.0693244709682,313.85018152571604
2019-07-10,,1057.0,5879.718516680717,258.3035310892934,0.0,7.769377526804476,0.0,8.788039996691737,0.0,746.7236161670523,738.1607231525704,747.484548874684,723.6988863352778,309.55446618106464
2019-07-11,,1051.0,5908.570878873142,255.81949337239394,0.0,3.364237363156178,0.0,1.3421040566219062,0.0,743.3302224395709,732.935042464611,740.8273972002571,717.6097804696817,306.0667271954457
2019-07-12,,1045.0,5936.806225141843,247.4302338902076,0.0,0.0,0.0,0.0,0.0,739.5379917910649,726.9884009282088,734.0466512350179,710.9189609593443,302.4230308765973
2019-07-13,,1039.0,5963.342874437164,243.90416585587928,0.0,0.0,0.0,0.0,0.0,733.6061409909491,719.7633393321,727.1375637753686,704.1823490970946,299.3734272575553
2019-07-14,,1032.0,5988.042540339199,236.46053592745932,0.0,0.0,0.0,0.0,0.0,721.7069778039167,710.0901980376831,720.0956481035244,696.7424288069014,295.423601359446
2019-07-15,,1026.0,6012.5316824641795,229.9483534045729,0.0,0.0,0.0,0.0,0.0,712.3719197993923,702.2587369955473,712.9166875139504,689.5073637378076,291.8288927064848
2019-07-16,,1020.0,6040.447366489701,225.9683217131602,0.0,0.0,0.0,0.0,0.0,702.0449191076316,694.6246526219456,705.5967444851678,681.855000504534,288.505589915601
2019-07-17,,1014.0,6067.864812314733,220.30630791529614,0.0,0.0,0.0,0.0,0.0,691.6272504662873,686.3863689121306,698.132169484825,673.4259244600296,284.7813463465352
2019-07-18,,1007.0,6093.60729193941,218.06423766829585,0.0,0.0,0.0,0.0,0.0,680.7719725294972,678.2508299544068,690.5196093963777,665.1821041795993,281.5020976498349
2019-07-19,,1001.0,6119.345469952326,209.89080002190093,0.0,0.0,0.0,0.0,0.0,667.8132260390189,670.1113659054902,682.7560155561761,656.4834885713782,277.40520875686815
2019-07-20,,995.0,6143.9905723696775,206.56583846431653,0.0,0.0,0.0,0.0,0.0,659.166638163386,661.6733322198547,674.8386513902328,647.7877634367247,273.8581981888911
2019-07-21,,989.0,6169.08423619538,199.31933419065962,0.0,0.0,0.0,0.0,0.0,648.4169942418139,650.9599991838327,666.7650996404367,638.831435124655,269.484483517448
2019-07-22,,982.0,6193.6920451313545,193.0100597275764,0.0,0.0,0.0,0.0,0.0,638.4853901195534,643.4609862646506,658.5332691704639,629.7093257163144,265.5892051098757
2019-07-23,,976.0,6218.6771833662815,189.24728281015064,0.0,0.0,0.0,0.0,0.0,627.3220143346064,633.7430040785704,650.1414013421602,620.586275320064,261.71474544386814
2019-07-24,,970.0,6242.989341844007,183.82406112524865,0.0,0.0,0.0,0.0,0.0,616.6360332619147,624.5951527273833,641.5880759536856,611.146060271652,257.6441687597462
2019-07-25,,964.0,6266.967148390212,181.84801844347328,0.0,0.0,0.0,0.0,0.0,605.5243060248761,614.2816588782671,632.8722167312419,601.8312276946774,253.85414021845745
2019-07-26,,957.0,6291.211755827618,173.97198779434638,0.0,0.0,0.0,0.0,0.0,593.7868746543697,604.4204883140558,623.9930963667521,592.1833487758843,249.32111515637982
2019-07-27,,951.0,6314.652008359598,170.97839754703404,0.0,0.0,0.0,0.0,0.0,583.1595591957239,597.7284263357762,614.9503410944085,582.4914872929114,245.76858153376628
2019-07-28,,945.0,6339.222251372724,164.0983040657551,0.0,0.0,0.0,0.0,0.0,572.2708257655793,590.2685541348603,605.7439347995664,572.6762321387919,241.5983781423717
2019-07-29,,939.0,6365.874926607164,158.19014513348094,0.0,0.0,0.0,0.0,0.0,562.4919934319137,584.3750157028968,596.3742226540353,563.0737463818803,237.75164123403667
2019-07-30,,932.0,6392.004265330169,154.86158862357098,0.0,0.0,0.0,0.0,0.0,554.0157413358727,575.4902778229948,586.8419142723848,553.1565413437002,233.79379025783135
2019-07-31,,926.0,6417.683083436834,149.9030103466398,0.0,0.0,0.0,0.0,0.0,544.4479410803162,564.2131422927778,577.1480863844749,543.0324933610704,229.28709154812037
2019-08-01,,920.0,6441.872208237803,148.41848387281578,0.0,0.0,0.0,0.0,0.0,533.94133191525,553.6270478539553,567.2941850200057,533.2280117871596,225.32096606674205
2019-08-02,,914.0,6465.759288377889,141.05665949348747,0.0,0.0,0.0,0.0,0.0,523.478963767752,541.8348731776484,557.2820272014735,523.4184447532642,220.44900057823423
2019-08-03,,907.0,6488.749770094007,138.59539920510537,0.0,0.0,0.0,0.0,0.0,512.7938235045312,530.2793051802881,547.1138021425197,513.8365026493236,216.2281261471546
2019-08-04,,901.0,6512.866698506026,132.26106220876613,0.0,0.0,0.0,0.0,0.0,510.16207557613234,526.2863652693825,536.7920719492668,504.07123074006665,212.42634127093527
2019-08-05,,895.0,6535.037725237449,126.90750603708199,0.0,0.0,0.0,0.0,0.0,526.0045661383101,520.6276295121143,526.3197718228306,494.99871745454004,208.60670310332085
2019-08-06,,889.0,6567.457443254054,124.13816908350992,0.0,0.0,0.0,0.0,0.0,523.7833581240166,508.26917460999744,515.7002097618183,485.4047379066877,204.18903642025168
2019-08-07,,882.0,6592.377331066247,119.73976039847241,0.0,0.0,0.0,0.0,0.0,510.26788031690756,494.4178592191877,504.9370657642196,475.9006031020054,199.3744110604856
2019-08-08,,876.0,6612.813997876946,118.81343237335966,0.0,0.0,0.0,0.0,0.0,499.38747679014347,481.8487307527951,494.0343905287211,466.9370668605795,195.20420256443194
2019-08-09,,870.0,6632.752370905471,112.00580738841938,0.0,0.0,0.0,0.0,0.0,495.5863574341978,469.42493464736197,482.9966036560727,457.7931717590711,190.27756468136565
2019-08-10,,864.0,6654.775432638317,110.09372048369016,0.0,0.0,0.0,0.0,0.0,498.34248490509873,459.6919443758385,471.8284913517554,448.87426907138973,186.31105316033424
2019-08-11,,857.0,6677.619879650576,104.3035691156274,0.0,0.0,0.0,0.0,0.0,491.53334634256805,448.2151036941534,460.53520363180445,439.58706664907845,181.58011788633297
2019-08-12,,851.0,6701.844441816114,99.49033315876,0.0,0.0,0.0,0.0,0.0,482.216276307207,437.9743271018119,449.1222510342472,430.7795472651227,177.17080731999272
2019-08-13,,845.0,6726.084862136142,97.25963049037227,0.0,0.0,0.0,0.0,0.0,470.5303565050835,426.5252219325175,437.59550083922704,421.2310047414529,172.82641975044623
2019-08-14,,839.0,6753.7839816741525,93.40133509183863,0.0,0.0,0.0,0.0,0.0,454.1342828518844,414.1224193358004,425.96117280147575,411.30612602177985,168.0988816563618
2019-08-15,,833.0,6780.272749389366,93.02063580816343,0.0,0.0,0.0,0.0,0.0,450.5383669654071,407.0200134185736,414.2258343994042,401.7466741420095,164.50164472101886
2019-08-16,,826.0,6806.713038418995,86.7689107135086,0.0,0.0,0.0,0.0,0.0,443.03590513791767,397.8315813354176,402.39639560566536,391.4836538549963,159.8100676886985
2019-08-17,,820.0,6834.539239046279,85.42828422783145,0.0,0.0,0.0,0.0,0.0,430.4335976464073,384.5818283680816,390.480103184634,381.120651282843,155.20135838292376
2019-08-18,,814.0,6861.618993882144,80.23076417305344,0.0,0.0,0.0,0.0,0.0,412.1581963777377,375.73453132675513,378.48453452283354,369.94116485943243,150.54887436025933
2019-08-19,,808.0,6892.639788953537,76.03702889250644,0.0,0.0,0.0,0.0,0.0,392.0614447333512,378.12955809169637,366.41759099889725,358.8731751391588,147.43216914028235
2019-08-20,,802.0,6924.069330256803,74.45823735031206,0.0,0.0,0.0,0.0,0.0,371.24957160452584,370.9389223934038,354.28749090023996,346.77591174285214,143.30757029835098
2019-08-21,,795.0,6956.07412121641,71.28939709965266,0.0,0.0,0.0,0.0,0.0,347.52126012638905,360.53923916371764,342.1027618941555,333.98466723514844,138.48950817408428
2019-08-22,,789.0,6985.950667800356,71.64017634539289,0.0,0.0,0.0,0.0,0.0,328.7002955879983,347.66768804919195,329.87223306161377,321.42639396711616,133.82581142791435
2019-08-23,,783.0,7018.887873203525,66.16554301945973,0.0,0.0,0.0,0.0,0.0,310.2189237210798,332.0454576358327,317.605026502565,307.94820118116115,127.97052854237732
2019-08-24,,777.0,7049.519535489729,65.6501056302169,0.0,0.0,0.0,0.0,0.0,292.4446726247463,316.0011824530625,305.3105485220959,294.3264520961152,122.66103608768631
2019-08-25,,769.0,7076.877410584286,61.327060117186306,0.0,0.0,0.0,0.0,0.0,278.37582569486926,298.45820248812095,292.99848040728705,279.91091708713486,116.58683251246615
2019-08-26,,761.0,7101.791660920206,58.05681910100725,0.0,0.0,0.0,0.0,0.0,263.55959050037234,279.76307272233805,280.6787688051446,265.6969464089942,110.52445087968552
2019-08-27,,753.0,7125.98294139038,57.448701763763324,0.0,0.0,0.0,0.0,0.0,246.1869069187618,261.70818318592956,268.36161571245555,250.6104754819453,104.76612201801171
2019-08-28,,745.0,7150.60159899208,55.29422347505886,0.0,0.0,0.0,0.0,0.0,242.78174323709584,243.1086648150963,256.057468088914,235.05107904867464,98.68892942846797
2019-08-29,,737.0,7175.644310925243,56.69787442117445,0.0,0.0,0.0,0.0,0.0,232.10543196303604,226.3053121206334,243.77700710532054,220.00585982871314,93.34825668448019
2019-08-30,,729.0,7201.459493650965,52.30777192118774,0.0,0.0,0.0,0.0,0.0,213.52107902392163,205.82204255375757,231.53113703912607,204.37633764497468,86.75466114488076
2019-08-31,,721.0,7227.285203115911,52.90006166498051,0.0,0.0,0.0,0.0,0.0,215.87822838897637,189.6106220910525,219.33097383001416,188.98608510414977,81.35346783627462
2019-09-01,,713.0,7253.858398830764,49.69797129380811,0.0,0.0,0.0,0.0,0.0,211.8573522085635,171.7306154422239,207.1878333086554,173.22360864803716,75.23000358659057
2019-09-02,,705.0,7283.780991365718,47.55059066802812,0.0,0.0,0.0,0.0,0.0,197.25635670739973,165.25983475874068,195.11321911217237,158.11347620871857,70.75464009345747
2019-09-03,,697.0,7313.189376489649,48.05475385857642,0.0,0.0,0.0,0.0,0.0,182.1821270211516,151.55156263722915,183.1188103002496,142.60053622380326,65.6657078774823
2019-09-04,,689.0,7342.306515120944,46.98855774168112,0.0,0.0,0.0,0.0,0.0,166.8704580649719,131.96809594190427,171.21644868618864,127.09246904204156,59.65819642647695
2019-09-05,,681.0,7371.960568536044,49.44240132166442,0.0,0.0,0.0,0.0,0.0,153.21617666744237,117.51368085228887,159.41812589759286,112.57347327468335,54.86846016827869
2019-09-06,,673.0,7399.18812805731,46.04992460084998,0.0,0.0,0.0,0.0,0.0,134.71576103570624,102.79536146305645,147.73597018168653,97.93126164050364,49.314064735762074
2019-09-07,,665.0,7426.879935878447,47.57271581339512,0.0,0.0,0.0,0.0,0.0,117.43424872273351,90.35936856097464,136.18223297060808,83.96511227327721,44.75992870228188
2019-09-08,,657.0,7453.921044727897,45.219683661756676,0.0,0.0,0.0,0.0,0.0,99.62854222209819,76.44605144702109,124.76927522233188,70.0294654234524,39.558059469320256
2019-09-09,,649.0,7480.628849562339,43.82616194790921,0.0,0.0,0.0,0.0,0.0,80.93211541724065,61.877779059959494,113.5095535531459,57.106049291839554,34.53994298160677
2019-09-10,,641.0,7506.935620229701,44.97611470220454,0.0,0.0,0.0,0.0,0.0,62.86122733248544,49.2216987895074,102.41560617789924,44.089354055860895,30.08784671568401
2019-09-11,,633.0,7533.729036753519,44.43596995655071,0.0,0.0,0.0,0.0,0.0,42.78198797761843,34.40468944775512,91.50003867447481,31.330661868600487,25.20891999342264
2019-09-12,,625.0,7564.896896040043,47.28595992008718,0.0,0.0,0.0,0.0,0.0,25.22678829403708,22.329254439328224,80.77550958917402,19.75339544852875,21.268014924639772
2019-09-13,,617.0,7592.7789521328505,44.151340525413275,0.0,0.0,0.0,0.0,0.0,6.787404248972052,7.437835286828545,70.25471589992185,8.181914247861528,16.25322574500315
2019-09-14,,609.0,7620.954941505589,45.78735394807791,0.0,0.0,0.0,0.0,0.0,0.0,0.0,59.95037835437995,0.0,13.217216537807232
2019-09-15,,601.0,7651.288432918602,43.39882626143606,0.0,0.0,0.0,0.0,0.0,0.0,0.0,49.875226700238386,0.0,11.659256620209305
2019-09-16,,593.0,7683.550431158478,41.81946394493991,0.0,0.0,0.0,0.0,0.0,0.0,0.0,40.04198482509469,0.0,10.232681096254325
2019-09-17,,585.0,7713.417983732013,42.63421451959596,0.0,0.0,0.0,0.0,0.0,0.0,0.0,30.463355823482857,0.0,9.137196292884852
2019-09-18,,577.0,7738.3880532408775,41.61321747860484,0.0,0.0,0.0,0.0,0.0,0.0,0.0,21.152007008693204,0.0,7.845653060912255
2019-09-19,,573.0,7764.835830456655,43.843222127340255,0.0,0.0,0.0,0.0,0.0,0.0,0.0,12.120554887141225,0.0,6.995472126810185
2019-09-20,,565.0,7789.9269298001445,39.95884494079576,0.0,0.0,0.0,0.0,0.0,0.0,0.0,3.3815501130962957,0.0,5.417549381736507
2019-09-21,,557.0,7814.960576748803,40.72753040160126,0.0,0.0,0.0,0.0,0.0,0.0,0.0,0.0,0.0,5.090941300200157
2019-09-22,,549.0,7840.2170729803565,37.36910846638614,0.0,0.0,0.0,0.0,0.0,0.0,0.0,0.0,0.0,4.671138558298267
2019-09-23,,541.0,7866.64085555245,34.735013891680296,0.0,0.0,0.0,0.0,0.0,0.0,0.0,0.0,0.0,4.341876736460037
2019-09-24,,533.0,7894.704056314979,34.43053461522106,0.0,0.0,0.0,0.0,0.0,0.0,0.0,0.0,0.0,4.303816826902633
2019-09-25,,525.0,7923.689410200754,32.248617577784444,0.0,0.0,0.0,0.0,0.0,0.0,0.0,0.0,0.0,4.0310771972230555
2019-09-26,,517.0,7953.137319447418,33.30111099086889,0.0,0.0,0.0,0.0,0.0,0.0,0.0,0.0,0.0,4.1626388738586115
2019-09-27,,510.0,7980.611905697562,28.249818116306415,0.0,0.0,0.0,0.0,0.0,0.0,0.0,0.0,0.0,3.531227264538302
2019-09-28,,502.0,8006.849363665947,27.89122894246941,0.0,0.0,0.0,0.0,0.0,0.0,0.0,0.0,0.0,3.4864036178086764
2019-09-29,,494.0,8033.368170133866,23.475825208115452,0.0,0.0,0.0,0.0,0.0,0.0,0.0,0.0,0.0,2.9344781510144315
2019-09-30,,486.0,8060.019657924464,19.887026124028353,0.0,0.0,0.0,0.0,0.0,0.0,0.0,0.0,0.0,2.485878265503544
2019-10-01,,478.0,8089.92920532911,18.763143880613484,0.0,0.0,0.0,0.0,0.0,0.0,0.0,0.0,0.0,2.3453929850766855
2019-10-02,,470.0,8127.757775120191,15.930878973443896,0.0,0.0,0.0,0.0,0.0,0.0,0.0,0.0,0.0,1.991359871680487
2019-10-03,,462.0,8154.249685691097,16.536235760680142,0.0,0.0,0.0,0.0,0.0,0.0,0.0,0.0,0.0,2.067029470085018
2019-10-04,,454.0,8182.074411995425,11.275234520135768,0.0,0.0,0.0,0.0,0.0,0.0,0.0,0.0,0.0,1.409404315016971
2019-10-05,,449.0,8206.66049453976,10.978287439560859,0.0,0.0,0.0,0.0,0.0,0.0,0.0,0.0,0.0,1.3722859299451073
2019-10-06,,445.0,8232.652309654344,6.929134966187348,0.0,0.0,0.0,0.0,0.0,0.0,0.0,0.0,0.0,0.8661418707734185
2019-10-07,,441.0,8259.342334927556,4.043410857117237,0.0,0.0,0.0,0.0,0.0,0.0,0.0,0.0,0.0,0.5054263571396547
2019-10-08,,440.0,8289.04960437005,3.9902061387009553,0.0,0.0,0.0,0.0,0.0,0.0,0.0,0.0,0.0,0.4987757673376194
2019-10-09,,446.0,8316.766689910251,2.6251633673986134,0.0,0.0,0.0,0.0,0.0,0.0,0.0,0.0,0.0,0.3281454209248267
2019-10-10,,455.0,8340.703277707127,5.12098332965968,0.0,0.0,0.0,0.0,0.0,0.0,0.0,0.0,0.0,0.64012291620746
2019-10-11,,467.0,8368.243750041607,2.197722648710169,0.0,0.0,0.0,0.0,0.0,0.0,0.0,0.0,0.0,0.2747153310887711
2019-10-12,,479.0,8397.259348016134,4.706752516882943,0.0,0.0,0.0,0.0,0.0,0.0,0.0,0.0,0.0,0.5883440646103679
2019-10-13,,491.0,8424.745474423882,3.9492784388041855,0.0,0.0,0.0,0.0,0.0,0.0,0.0,0.0,0.0,0.4936598048505232
2019-10-14,,503.0,8465.070478604986,4.854493533771915,0.0,0.0,0.0,9.442374014139034,0.0,0.0,0.0,0.0,0.0,1.7871084434888687
2019-10-15,,515.0,8492.228835365953,9.100740598354037,0.0,0.0,0.0,20.426634405760637,0.0,0.0,0.0,0.0,0.0,3.6909218755143343
2019-10-16,,527.0,8511.258623876944,12.548220118179984,1.8858330479387746,0.0,0.0,31.600182729445805,0.0,0.0,0.0,0.0,0.0,5.7542794869455705
2019-10-17,,540.0,8531.68412807641,20.36913294041392,13.295091580238477,0.0,0.0,42.957821778148855,0.0,0.0,0.0,0.0,0.0,9.577755787350156
2019-10-18,,556.0,8557.013359950033,23.277643368856616,24.882558057136748,0.0,0.0,54.494213354144335,0.0,0.0,0.0,0.0,0.0,12.831801847517212
2019-10-19,,575.0,8588.737526243869,32.11354081560944,36.642729765647346,0.7333308962863612,0.0,66.20388221649318,0.0,0.0,0.0,0.0,0.0,16.870019099718746
2019-10-20,,594.0,8620.107058358342,38.160508295217824,48.569971368473205,7.205212259270638,12.255294313034597,78.08122016876206,6.83645164185009,0.0,0.0,0.0,0.0,22.98793072341722
2019-10-21,,613.0,8651.58559113928,46.32407902257546,60.65851915871832,6.875131870305609,29.397068315184924,90.12049028286731,24.752878563791,0.0,0.0,0.0,0.0,31.406629417892127
2019-10-22,,632.0,8679.946702547966,58.252665133709,72.90248544610608,15.299769284191711,47.083140300495586,102.3158312547489,42.88043736481637,0.0,0.0,0.0,0.0,40.42931993748449
2019-10-23,,651.0,8709.735363174208,69.77020440498984,85.29586307023231,27.10544338981822,67.64763281003655,114.66126188744008,61.21985734650178,0.0,0.0,0.0,0.0,49.824352439900075
2019-10-24,,670.0,8740.6439330879,86.0063219785747,97.83253003623093,36.28790708052185,86.71665140757796,127.15068569695049,80.73597356421385,0.0,0.0,0.0,0.0,59.805270335443495
2019-10-25,,689.0,8784.783556846474,97.62640048118487,110.50625426809728,47.320615393140315,108.88858397502884,139.77789563623534,100.25257841775141,0.0,0.0,0.0,0.0,69.63146409728722
2019-10-26,,708.0,8846.870233338628,115.41544334192781,123.31069847477531,59.64763904129279,133.1577010341083,152.5365789323973,120.27750952118475,0.0,0.0,0.0,0.0,80.58724141304918
2019-10-27,,727.0,8913.599784642352,130.59664502175912,136.23942512398787,70.49726875977018,156.98602929384546,165.4203220321321,140.12165525052927,0.0,0.0,0.0,0.0,91.17050959028174
2019-10-28,,746.0,8982.272812948151,148.0097533223455,149.28590151866857,82.55349692310921,178.1426567207742,178.42261565030947,160.42227374504876,0.0,0.0,0.0,0.0,101.78540011964331
2019-10-29,,760.0,9038.290781617321,169.232609915858,162.44350497073353,92.75467671224192,194.8757591258084,191.53685991646074,180.28824748604927,0.0,5.264954427187035,3.2647811013918044,0.0,113.36333961793609
2019-10-30,,774.0,9092.999383884413,190.01441507852422,175.705528066823,104.59346770333792,213.1402348833854,204.7563696138371,199.52889257134268,0.0,22.56594778313547,14.023307961909381,6.5365750537431495,128.28390887658756
2019-10-31,,788.0,9170.969161615885,215.4066115293998,189.0651840205375,137.72445873433935,245.4378793721155,218.07437950559145,219.30880344592723,0.0,55.435306056774834,25.364909643345186,25.16535127563202,149.15730310616544
2019-11-01,,809.0,9237.13786103519,235.99377629131266,202.51561210559458,201.02023863890764,275.551509003022,231.48404974254294,238.24369904998196,1.0574677107755406,84.23873242792308,37.288049762092214,43.41130070131419,168.59084113547294
2019-11-02,,828.0,9295.671792407426,262.4783984451954,216.04988316424047,238.2769151405198,295.6755942509401,244.9784713468886,256.9800577163318,34.194001040195076,103.62816190836804,49.79069294458168,61.937913970734826,186.43989671841013
2019-11-03,,842.0,9369.433823294527,286.00044705393265,229.6610051851647,247.77033165184054,320.882284620253,258.5506717661387,274.8653016823786,43.24932254765008,129.31298826310035,62.870303988407045,79.9836783138984,205.26583510915918
2019-11-04,,851.0,9488.46314652262,311.31680250665516,243.34192894508817,263.98045280990675,341.64407333975214,272.19362049147423,292.58639268757514,60.231256930350014,150.65957636665996,76.52384755950493,98.43641112969271,223.33783162830028
2019-11-05,,861.0,9527.399127102948,339.92392312372965,257.08555370812246,278.86615422070673,355.7634236884839,285.9002347346532,309.31390782790675,76.9917906398166,166.4696056269937,90.74778842674709,116.12035235947155,240.16559868701353
2019-11-06,,871.0,9608.779020222879,367.492276477525,270.88473297693025,291.32882818358155,369.8549328116351,299.66338515752136,324.9293777996183,92.69233664653996,182.8814575278834,105.53809223465703,133.34118098738622,256.82317949664457
2019-11-07,,882.0,9695.887614264146,398.9984118086876,284.7322802896633,298.2967953917764,379.55789774320624,313.47590164812993,340.6784062870904,102.85954703138952,194.2932299125722,120.89022681435517,151.00169280426212,272.95350591349586
2019-11-08,,892.0,9792.372680212855,424.9570422352632,298.62097505659693,306.30016354631516,401.0753593066696,327.3305791374045,355.26458104274553,114.42957978546121,220.5276511898253,136.79916403220807,167.93026064484707,291.563201580695
2019-11-09,,902.0,9886.074375106615,456.0069930656897,312.54356843033884,315.74270783371577,417.74999244830974,341.2201834502654,369.4270139693227,127.8402740093976,239.0355976993376,153.2593821750345,184.88978329494603,309.2665643166555
2019-11-10,,912.0,9939.160710832275,483.2318980111378,326.49278920345193,321.4696870321436,420.27350426061247,355.1374571850635,382.6083250942391,137.34507325946618,244.18044167239043,170.26486887011026,201.22158792189384,322.9263590273624
2019-11-11,,923.0,9985.972771242983,511.34069359979696,340.4613497272978,326.28111346079515,421.8501955466697,369.0751256151593,395.59098852693546,146.01415772683038,249.25895814023363,187.80912453757685,217.91726012066204,336.66296197679145
2019-11-12,,933.0,10049.730123153813,541.7912607281764,354.4419518458876,327.1753286960318,439.4228302564666,383.02590260645337,407.6391672673885,150.82659711885265,272.85140414784735,205.8851663722628,233.90322675100356,354.8701137469358
2019-11-13,,943.0,10125.12447468774,570.2257204590529,368.427292838507,332.18181136768817,455.5727529388952,396.98249654465207,418.72387622843655,159.0599532956303,292.83562309904994,224.4855328512998,249.58332112698406,372.1045770108597
2019-11-14,,953.0,10165.57278737839,601.6032392068666,382.4100713648751,338.64944977423625,460.27049926620987,410.9376162660512,430.1740474650348,167.78279778847855,301.211011239084,243.60228876330893,265.9521301092591,387.0201129600862
2019-11-15,,964.0,10242.264153388256,626.4326924101863,396.3829934065939,349.8093303042987,482.3297489231218,424.88397698560743,440.76855993751735,179.8867343569941,328.3949721494332,263.2270307543315,281.92130324867355,405.5426597269331
2019-11-16,,974.0,10286.757534673152,655.359025575781,410.3387781986504,365.1035187029291,493.99830763028086,438.8143062160782,451.3121180715448,197.5390526058966,344.1396257409258,283.3508933850751,298.32658408254406,421.95495486261007
2019-11-17,,984.0,10299.032209921766,679.4841797280017,424.2701641447446,370.6147641603031,492.3484313644648,452.72134967201777,461.3018348984223,210.1516365841877,348.1454000391976,303.9645556934606,314.57007589154114,434.6007489289814
2019-11-18,,994.0,10310.420785988777,703.5476199298655,438.1699147102379,381.9154179768805,493.8951107146773,466.59787715243783,471.56247164013985,228.89767311416483,355.372348308371,325.05824825585114,331.69075577758406,448.2367933111455
2019-11-19,,1005.0,10335.378100151838,729.0498076944975,452.03082428654045,396.41948139263013,491.33075189318924,480.43668839596404,481.38748639605717,250.96739675078618,360.4688809249749,346.621760739794,348.64809329799584,461.24678670362664
2019-11-20,,1014.0,10361.401484293376,751.6871201362375,465.84572402079164,410.1245279521723,497.12624074492965,494.2306189023535,490.76374845466324,273.248076334864,374.79946607655836,368.64444994050484,365.86402478802734,476.1201741330083
2019-11-21,,1026.0,10387.475563424214,776.4840708484767,479.60748760472717,444.68309005916285,505.6152102174815,507.97254571427777,501.02250035054226,319.33808439041013,391.9050646689842,391.1152482927847,384.33609448442974,492.25727777271305
2019-11-22,,1058.0,10402.051482530209,794.0251857258014,493.3090370166741,537.8384270259385,525.6188816800727,521.6553931533213,510.9316289287449,429.54497769331147,421.7510274859144,414.022672849498,402.9639439077864,510.5347213434767
2019-11-23,,1133.0,10424.829895110575,815.0403810739972,506.9433482106692,621.7089135015186,542.5069843053009,535.2721385041982,521.2721195151482,523.6895603546188,446.10172677317837,437.3548347171969,422.5569006962554,528.381054224493
2019-11-24,,1143.0,10430.579088856666,830.724723807448,520.5034567467594,649.5506992681557,545.0354007877582,548.8158176412524,531.5055300527595,560.0575007641066,458.34874846390153,461.0994489389494,442.4771603849622,542.3137858529739
2019-11-25,,1143.0,10444.8247418184,845.9176293412709,533.982463356608,661.7218493486796,552.9171497286367,562.2795305913718,542.4104099609464,583.4399576208614,476.43035079339097,485.24384481390996,463.71154685347426,557.8616156799511
2019-11-26,,1137.0,10457.752591549965,862.2248588688642,547.3735394386082,675.2467792499349,560.3419688695078,575.6564470275177,553.2247818786548,610.3528328517591,494.16344650833867,509.7749766426539,485.1566710450197,573.4895862848957
2019-11-27,,1130.0,10483.343345523614,875.4518433453106,560.669932476785,684.7720905437743,568.8366623044581,588.9398116871589,563.8725019219835,635.1589423512185,511.84508084910226,534.6794348868184,507.1626950212029,588.9322453116024
2019-11-28,,1123.0,10510.106004896934,890.7342167905035,573.8649713778564,686.2725017493988,571.0639724188622,602.1229497099777,575.6160344447717,652.2186888984678,525.6493884225431,559.9434577310926,530.6484622119061,603.7054316384392
2019-11-29,,1116.0,10527.2654999205,898.7679423992049,586.9520717209177,685.6337142800076,580.131549301209,615.1992718893134,587.1506524879679,666.6755881036172,546.7908462872031,585.5529430351398,554.4301202925337,619.3719246766861
2019-11-30,,1109.0,10548.78913669875,910.3929111092674,599.9247409143146,689.5914299667406,599.1102757560693,628.1622798319098,599.1828853865348,685.5819061909531,577.7743121104082,611.4934606625893,579.2309296150079,638.1589744232627
2019-12-01,,1102.0,10618.53777971726,916.9109261144331,612.7765832543766,688.3809112442015,633.6882328262718,641.0055710206318,611.0999966610545,698.7085963114398,629.7105034525647,637.7502651737739,604.3266907884231,660.9085961614412
2019-12-02,,1094.0,10621.060866649615,923.26316328159,625.5013048807991,683.6500675446332,659.3855730965197,653.7228437749379,623.608363584396,708.878237804179,668.6243808630857,664.3083088684899,630.6197172418915,681.1292069489637
2019-12-03,,1087.0,10617.163495871808,931.1505034374247,638.0927186235743,673.9624135035463,669.3717069971972,666.3079021040037,635.8778250308044,713.3407925254592,693.0262412193947,691.1522551646309,656.9261141184737,697.7381583369379
2019-12-04,,1082.0,10644.393276425952,936.4652972797171,650.544748736505,698.9690131431231,686.0936589656706,678.7546604475239,647.7697648816306,755.1688511346965,724.94217866888,718.2664922981643,683.5215155122942,715.7947895987982
2019-12-05,,1102.0,10679.006917845307,944.420477364191,662.8514355124587,723.3647670954772,699.1316029315142,691.0571482993412,660.4914231023924,789.3971208054193,752.4787963939699,745.6351473295424,711.2579905263722,733.4155026824727
2019-12-06,,1117.0,10710.330440613758,945.778430157105,675.0069397756595,732.9395966507886,708.8792336389799,703.2095147091912,672.6914074348734,806.7218370006842,777.4150064910111,773.2421004412815,738.8942001954692,749.3896041054464
2019-12-07,,1117.0,10721.716897007842,951.4335342756083,687.0055472464538,736.9592303765746,714.3196766121744,715.2060326579916,685.0391955467014,815.9673072009999,797.8880398047411,801.0709995111041,767.1064609542649,764.88368582613
2019-12-08,,1112.0,10744.799535875345,952.7293012004179,698.8416727741369,727.023949151999,717.4076403944209,727.041103302247,696.8953865472099,821.0425993644271,818.048128620921,829.1052749447182,795.1351190823955,779.4004533583084
2019-12-09,,1105.0,10773.95426212599,954.6352269808668,710.5098644335728,729.4261065787108,725.1096064381647,738.7092600832923,708.9505570292424,842.6674958278169,843.5050930354871,857.3281547520018,823.859141583729,795.3258630420446
2019-12-10,,1098.0,10813.781989137009,958.8667647412124,722.0048074815027,737.1147787141822,731.8866770318705,750.2051726972554,720.3697803544304,868.9258540251355,867.8385221270269,885.7226798500814,852.0836737206453,811.1222597505031
2019-12-11,,1091.0,10854.722746893125,961.3169874958384,733.321328168593,744.695695720633,738.5153799420832,761.5236509217739,731.0205770257433,895.0476333722305,891.8499796485239,914.2717195765223,880.0857135313811,826.4881670388074
2019-12-12,,1084.0,10891.127121289825,967.1858591244668,744.4543974034443,754.5292862589033,741.5549903664469,772.6596482956705,742.1267971736719,923.7864431002879,912.7288782175267,942.9579873956087,908.7306215012875,841.5498974347655
2019-12-13,,1077.0,10929.699152985359,967.2095244015323,755.399134264947,760.5164437908305,753.2288450865506,783.6082656479614,752.3634250055798,948.4942780296541,942.3595153524375,971.7640567804602,936.8015641764372,857.841791339488
2019-12-14,,1070.0,10962.9640444736,972.2435165970033,766.1508093595484,768.6911886696757,762.132828029697,794.3647544727327,762.4351193941122,975.3574304087747,967.2059192489021,1000.6723772535306,965.0095726202526,873.7768621219724
2019-12-15,,1063.0,10997.029203374539,973.5808059313165,776.704848020172,770.4971498784489,766.4252021602296,804.9245201466185,771.7452805068989,995.8309346121733,987.4834662666524,1029.6652905678463,992.6386530364522,887.8960083295234
2019-12-16,,1055.0,11029.930023249017,976.1297792453797,787.0568333437084,775.3877248365252,774.313481281652,815.2831249857672,781.0335343456622,1019.1502760702188,1010.9637801896613,1058.725047011177,1020.6188945691251,903.0155593715165
2019-12-17,,1048.0,11068.473939518572,981.5355377429744,797.2025090641855,779.9470917119063,778.5128453214747,825.4362911393941,789.5187352412569,1041.3013366908815,1034.6997761113018,1087.8338218151887,1047.8123695306945,917.8189857458087
2019-12-18,,1041.0,11109.878689920573,985.6130550455821,807.1377822589141,785.871445008712,787.9017098177872,835.3799033171808,797.125298886315,1064.3103395280789,1063.0495187384543,1116.9737316515027,1074.5570255673927,933.4672531603911
2019-12-19,,1034.0,11148.690656126113,993.4780824123642,816.8587258850912,793.7416406796463,796.2854591591357,845.1100113479915,805.1354137850861,1086.7578171372077,1090.4021068162929,1146.1268511964875,1101.7813398396618,949.3972488052639
2019-12-20,,1027.0,11186.298732227939,995.7781779644529,826.3615811445438,794.2996431860881,804.4186700374388,854.6228325675563,812.3407390911148,1106.7357197954411,1118.5357323213193,1175.2752297465179,1128.397709933806,964.4663341008438
2019-12-21,,1020.0,11218.3820200423,1003.2777220724996,835.6427596744867,801.704404086719,814.0593554305499,863.9147540329704,819.6150979585216,1133.5952979418146,1148.2375628341208,1204.4009078653928,1155.298616222044,980.5558470113232
2019-12-22,,1013.0,11240.235823907264,1007.177804337736,844.6988455623693,809.9824827126483,822.5652934627713,872.9823345620623,826.8679149646293,1162.4231462976718,1177.1661139493167,1233.4859340455469,1182.3263501758813,995.9088238825392
2019-12-23,,1005.0,11226.352774176536,1012.2960340317568,853.5265971830872,820.3395092331174,831.6140458806674,881.822306595872,834.1547552138063,1193.1496270849734,1206.6001432001242,1262.5123813646858,1209.5907135871391,1011.5146221321423
2019-12-24,,998.0,11252.47859760989,1020.1896225841755,862.1229488570355,830.4750953292744,839.6625232354486,890.4315778826921,841.7139652780626,1223.8103118465808,1235.1304399438711,1291.4623641194728,1237.2235075186131,1027.2421186774216
2019-12-25,,991.0,11257.476955322056,1026.5902431821949,870.4850123276863,840.3851640236937,848.3728322220395,898.8072329823258,849.0130629648778,1254.3860706995079,1264.2014415127774,1320.318054417922,1264.851942905233,1042.8299778143821
2019-12-26,,984.0,11246.388365036604,1036.5365190989683,878.6100780575794,850.0658112262133,856.3079387588832,906.9465345894139,856.8302717932366,1284.8578419325022,1292.7053867730635,1349.0616987122035,1293.0481811653385,1058.755826118586
2019-12-27,,977.0,11227.290160541615,1040.6064850943774,886.4956163418165,859.5133080651292,864.5285370751421,914.8469246749,864.4517593251362,1315.2066497950086,1321.3661057688998,1377.6756342536219,1321.209705000103,1073.8975959417496
2019-12-28,,970.0,11198.013972472449,1049.503855029314,894.1392782383648,868.7241030393716,873.3295755293043,922.5060254449,872.2699076959118,1345.4136221945093,1350.487732771675,1406.142305451637,1349.7138347896341,1089.7615643688425
2019-12-29,,963.0,11167.685871431122,1054.3789562423556,901.5388963146802,877.6948239897861,887.0431375896119,929.9216401164572,880.1168580622098,1375.4600082826853,1386.208663128949,1434.4442801188875,1378.3558320878813,1106.5010329576291
2019-12-30,,955.0,11126.055060515157,1060.0093623677271,908.6924852103648,888.4098041906968,898.5741628826938,937.0917535098633,887.9426876876419,1407.5608186657507,1418.303736277051,1462.5642655843242,1407.1372749971122,1122.5394660645973
2019-12-31,,948.0,11074.881121752209,1067.923558139937,915.59824201579,897.8904682573634,906.007039000566,944.0145324574473,895.8772871830486,1438.1051628207122,1446.6063332273282,1490.485124656699,1436.0657905504625,1137.82223840391
